# t_yr,a_AU,e,n_radyr,RL1_AU,RL2_AU,Ls1,Ls2,Jorb,Jtot,Omega1,Omega2,MB_saturated(super=1),super_synchronous(1),da_dt_AU_per_yr
0.000000000000000000e+00,6.999999999999997891e-02,9.999999999999970024e-02,4.797862595322042125e+02,2.652443628663193539e-02,2.652443628663193539e-02,3.112879027682482428e-03,5.188131712804137019e-04,1.169584186790751934e+00,1.173215878989714689e+00,1.439358778596612638e+03,2.398931297661021063e+02,1.000000000000000000e+00,1.000000000000000000e+00,0.000000000000000000e+00
8.347245409015025430e+00,7.000682159351068190e-02,1.000168838882798394e-01,4.797161343566303913e+02,2.652702112838118895e-02,2.652702112838118895e-02,9.057114956790268115e-04,4.522013429277253901e-04,1.169639179246362293e+00,1.170997092084969049e+00,4.187903804125755869e+02,2.090926010448837076e+02,0.000000000000000000e+00,0.000000000000000000e+00,8.172269025822187418e-07
1.669449081803005086e+01,7.000603426551037234e-02,1.000060565823357589e-01,4.797242271234329110e+02,2.652672279364717833e-02,2.652672279364717833e-02,6.462641283335136475e-04,4.060356733339346813e-04,1.169633881424702260e+00,1.170686181226369804e+00,2.988249585469637850e+02,1.877461364991399648e+02,0.000000000000000000e+00,0.000000000000000000e+00,-9.432189443708549322e-08
2.504173622704507807e+01,7.000435461397805370e-02,9.999215661863014581e-02,4.797414926429333946e+02,2.652608633921784906e-02,2.652608633921784906e-02,5.292926245980157781e-04,3.716273050408314322e-04,1.169621492030233911e+00,1.170522411959872944e+00,2.447387061580679983e+02,1.718361102760087533e+02,0.000000000000000000e+00,0.000000000000000000e+00,-2.012222535717727742e-07
3.338898163606010172e+01,7.000226480261065309e-02,9.997632172360947089e-02,4.797629757344463997e+02,2.652529446681119868e-02,2.652529446681119868e-02,4.590836641907874343e-04,3.447037188951388082e-04,1.169605904247954298e+00,1.170409691631040250e+00,2.122749057342135472e+02,1.593869595941218336e+02,0.000000000000000000e+00,0.000000000000000000e+00,-2.503594018145927740e-07
4.173622704507512537e+01,6.999993753420163944e-02,9.995987753909796325e-02,4.797869017521720139e+02,2.652441261705924813e-02,2.652441261705924813e-02,4.109962819321469059e-04,3.228950109848351840e-04,1.169588404038116813e+00,1.170322295331033713e+00,1.900398637752475679e+02,1.493028686604902191e+02,0.000000000000000000e+00,0.000000000000000000e+00,-2.788067553998352599e-07
5.008347245409015613e+01,6.999744281652264810e-02,9.994286069104765802e-02,4.798125514791285013e+02,2.652346731734311208e-02,2.652346731734311208e-02,3.754184137635162635e-04,3.047628960099592419e-04,1.169569571799272456e+00,1.170249753109045887e+00,1.735890745165347084e+02,1.409187912095135857e+02,0.000000000000000000e+00,0.000000000000000000e+00,-2.988671779431626690e-07
5.843071786310517979e+01,6.999482331064453555e-02,9.992516900410168545e-02,4.798394866901666092e+02,2.652247473281787657e-02,2.652247473281787657e-02,3.477225777065384932e-04,2.893776153407827813e-04,1.169549775886216780e+00,1.170186876079263971e+00,1.607828445266522408e+02,1.338048177478340790e+02,0.000000000000000000e+00,0.000000000000000000e+00,-3.138168041978834539e-07
6.677796327212020344e+01,6.999211115717464404e-02,9.990745898305448958e-02,4.798673772105622675e+02,2.652144704221913799e-02,2.652144704221913799e-02,3.253730334009741557e-04,2.761101507453894623e-04,1.169529207231267964e+00,1.170130690415414287e+00,1.504486771826043139e+02,1.276700976172813569e+02,0.000000000000000000e+00,0.000000000000000000e+00,-3.249159856930028855e-07
7.512520868113523420e+01,6.998931699431473752e-02,9.988907632838449346e-02,4.798961139030235472e+02,2.652038827657982045e-02,2.652038827657982045e-02,3.068431721553015732e-04,2.645141370259793036e-04,1.169508031871726139e+00,1.170079389180907370e+00,1.418806865177076872e+02,1.223082367819163636e+02,0.000000000000000000e+00,0.000000000000000000e+00,-3.347407106168013186e-07
8.347245409015025075e+01,6.998646106433870084e-02,9.987075545143624111e-02,4.799254888062142754e+02,2.651930610611284364e-02,2.651930610611284364e-02,2.911575049130130425e-04,2.542668482863068204e-04,1.169486332198516942e+00,1.170031756551716207e+00,1.346278178252349278e+02,1.175700105697520002e+02,0.000000000000000000e+00,0.000000000000000000e+00,-3.421404111291940448e-07
9.181969949916528151e+01,6.998355045445471545e-02,9.985210711127884275e-02,4.799554292076252864e+02,2.651820321630679947e-02,2.651820321630679947e-02,2.776545942142098549e-04,2.451248057040908944e-04,1.169464213308139211e+00,1.169986992708057505e+00,1.283842301759589759e+02,1.133428372270046935e+02,0.000000000000000000e+00,0.000000000000000000e+00,-3.486910641014499063e-07
1.001669449081803123e+02,6.998058957845819383e-02,9.983320550748688016e-02,4.799858898728556937e+02,2.651708127963933737e-02,2.651708127963933737e-02,2.658713333387673853e-04,2.369028318164363581e-04,1.169441703274645361e+00,1.169944477439800679e+00,1.229357884502331473e+02,1.095410928651628240e+02,0.000000000000000000e+00,0.000000000000000000e+00,-3.547129443832894661e-07
1.085141903171953288e+02,6.997759194817992912e-02,9.981444005549276743e-02,4.800167319382613869e+02,2.651594541602038044e-02,2.651594541602038044e-02,2.554716624967245334e-04,2.294566173794300023e-04,1.169418869038507447e+00,1.169903797318383676e+00,1.181271025398931442e+02,1.060980505811852055e+02,0.000000000000000000e+00,0.000000000000000000e+00,-3.591161073361135943e-07
1.168614357262103596e+02,6.997455567916148478e-02,9.979531271997703346e-02,4.800479749178152247e+02,2.651479491138997516e-02,2.651479491138997516e-02,2.462038610222501487e-04,2.226709620975535426e-04,1.169395753547770367e+00,1.169864628370890225e+00,1.138417797592945533e+02,1.029604431086035277e+02,0.000000000000000000e+00,0.000000000000000000e+00,-3.637450284096314080e-07
1.252086811352253761e+02,6.997148407325665120e-02,9.977597158529444288e-02,4.800795849600172573e+02,2.651363101688825399e-02,2.651363101688825399e-02,2.378763986738738183e-04,2.164535927420171404e-04,1.169372366890994108e+00,1.169826696882410033e+00,1.099912587695688870e+02,1.000856043878931416e+02,0.000000000000000000e+00,0.000000000000000000e+00,-3.679783873990625420e-07
1.335559265442404069e+02,6.996838450742906557e-02,9.975664693584752885e-02,4.801114862558581535e+02,2.651245652779811099e-02,2.651245652779811099e-02,2.303406190410372287e-04,2.107296118182807113e-04,1.169348743541685387e+00,1.169789813772544873e+00,1.065068025887682523e+02,9.743890269539809879e+01,0.000000000000000000e+00,0.000000000000000000e+00,-3.713279861447591255e-07
1.419031719532554234e+02,6.996525926062303891e-02,9.973728694340328049e-02,4.801436554422646168e+02,2.651127230765830400e-02,2.651127230765830400e-02,2.234786605477971145e-04,2.054371286183999390e-04,1.169324908633355253e+00,1.169753824422521404e+00,1.033339134055467667e+02,9.499172049314114474e+01,0.000000000000000000e+00,0.000000000000000000e+00,-3.744045673619942613e-07
1.502504173622704684e+02,6.996211030452328949e-02,9.971787003663068472e-02,4.801760723097420396e+02,2.651007910358062561e-02,2.651007910358062561e-02,2.171954447940624454e-04,2.005242840300718347e-04,1.169300881164839101e+00,1.169718600893663307e+00,1.004286280820475241e+02,9.272007873539655520e+01,0.000000000000000000e+00,0.000000000000000000e+00,-3.772449407499785704e-07
1.585976627712854850e+02,6.995893865791395771e-02,9.969834621060480462e-02,4.802087264516233063e+02,2.650887730160330497e-02,2.650887730160330497e-02,2.114140864433604371e-04,1.959478751814881250e-04,1.169276675518882591e+00,1.169684037480507310e+00,9.775539573980290697e+01,9.060400092058978316e+01,0.000000000000000000e+00,0.000000000000000000e+00,-3.799632637979475999e-07
1.669449081803005015e+02,6.995574553981884214e-02,9.967870231698815198e-02,4.802416053951487811e+02,2.650766736363945053e-02,2.650766736363945053e-02,2.060710472978615360e-04,1.916710951374496236e-04,1.169252303408432780e+00,1.169650045550868045e+00,9.528483706082181470e+01,8.862646795327219706e+01,0.000000000000000000e+00,0.000000000000000000e+00,-3.825355477948464826e-07
1.752921535893155465e+02,6.995253245783719653e-02,9.965894952460023493e-02,4.802746936904644031e+02,2.650644986094936872e-02,2.650644986094936872e-02,2.011136166735275608e-04,1.876626261744006677e-04,1.169227776095680627e+00,1.169616552338528459e+00,9.299257924258878916e+01,8.677299888512403925e+01,0.000000000000000000e+00,0.000000000000000000e+00,-3.849272214011424928e-07
1.836393989983305630e+02,6.994930074181782143e-02,9.963908602560572758e-02,4.803079777118608149e+02,2.650522529744004513e-02,2.650522529744004513e-02,1.964976728453532581e-04,1.838956489366642250e-04,1.169203104886481492e+00,1.169583498208263572e+00,9.085822091658022259e+01,8.503119276041053354e+01,0.000000000000000000e+00,0.000000000000000000e+00,-3.871595791211383528e-07
1.919866444073455796e+02,6.994605221757436986e-02,9.961914512157479806e-02,4.803414387188066144e+02,2.650399436494974351e-02,2.650399436494974351e-02,1.921854835578373983e-04,1.803466470475612396e-04,1.169178301102360207e+00,1.169550833232965603e+00,8.886431513008484728e+01,8.339017588217372179e+01,0.000000000000000000e+00,0.000000000000000000e+00,-3.891732043654981171e-07
2.003338898163606245e+02,6.994278887183918991e-02,9.959918838497293370e-02,4.803750563045799140e+02,2.650275781629211555e-02,2.650275781629211555e-02,1.881453317194075529e-04,1.769955449170982557e-04,1.169153374089730191e+00,1.169518514966366718e+00,8.699619627169263936e+01,8.184066553289210333e+01,0.000000000000000000e+00,0.000000000000000000e+00,-3.909488190745565225e-07
2.086811352253756411e+02,6.993951192177703946e-02,9.957924883090636670e-02,4.804088179823401674e+02,2.650151611267585749e-02,2.650151611267585749e-02,1.843496979150412358e-04,1.738245505446392501e-04,1.169128330128992310e+00,1.169486504377452052e+00,8.524113968643237627e+01,8.037443489999876078e+01,0.000000000000000000e+00,0.000000000000000000e+00,-3.925786174456245610e-07
2.170283806343906576e+02,6.993622261037248100e-02,9.955940709093329122e-02,4.804427109935425051e+02,2.650026972509332904e-02,2.650026972509332904e-02,1.807749733057880445e-04,1.708181727369401386e-04,1.169103170123046986e+00,1.169454763269089703e+00,8.358822892387550496e+01,7.898432103729868459e+01,0.000000000000000000e+00,0.000000000000000000e+00,-3.940595062661037955e-07
2.253756260434056742e+02,6.993291510583539428e-02,9.953924399699325132e-02,4.804767954850744331e+02,2.649901644375959181e-02,2.649901644375959181e-02,1.774003832353185904e-04,1.679625208420978196e-04,1.169077894592785549e+00,1.169423257496863044e+00,8.202785802642004853e+01,7.766390107015416788e+01,0.000000000000000000e+00,0.000000000000000000e+00,-3.962390435429900763e-07
2.337228714524207192e+02,6.992959662773351459e-02,9.951902187418824874e-02,4.805109971117894929e+02,2.649775900431699041e-02,2.649775900431699041e-02,1.742079508067821919e-04,1.652454300544511240e-04,1.169052533022487239e+00,1.169391986403348405e+00,8.055171468765647091e+01,7.640755013500238135e+01,0.000000000000000000e+00,0.000000000000000000e+00,-3.975536766051852978e-07
2.420701168614357357e+02,6.992627052416700018e-02,9.949908360597971291e-02,4.805452814015364424e+02,2.649649867542938284e-02,2.649649867542938284e-02,1.711820285761985654e-04,1.626561932567782654e-04,1.169027073105106229e+00,1.169360911326939201e+00,7.915256371288063519e+01,7.521031738633035957e+01,0.000000000000000000e+00,0.000000000000000000e+00,-3.984672072684274148e-07
2.504173622704507522e+02,6.992292599305335865e-02,9.947868522433869765e-02,4.805797597469632478e+02,2.649523136396606318e-02,2.649523136396606318e-02,1.683083743691569467e-04,1.601848694978794411e-04,1.169001511943051463e+00,1.169330005186918431e+00,7.782381968756725144e+01,7.406760624481398736e+01,0.000000000000000000e+00,0.000000000000000000e+00,-4.006748274142550557e-07
2.587646076794657688e+02,6.991957702097402472e-02,9.945856521690871199e-02,4.806142880050957160e+02,2.649396236972971844e-02,2.649396236972971844e-02,1.655747893626291728e-04,1.578229093764308550e-04,1.168975879689238884e+00,1.169299277387977787e+00,7.655984201892167107e+01,7.297546356748252094e+01,0.000000000000000000e+00,0.000000000000000000e+00,-4.012068551042057029e-07
2.671118530884808138e+02,6.991621233159028836e-02,9.943817443262063793e-02,4.806489824742515111e+02,2.649268741988424630e-02,2.649268741988424630e-02,1.629702120233203618e-04,1.555624425268863228e-04,1.168950146566934301e+00,1.169268679221484586e+00,7.535551598359256786e+01,7.193025018955023597e+01,0.000000000000000000e+00,0.000000000000000000e+00,-4.030897881716140270e-07
2.754590984974958587e+02,6.991284407939653278e-02,9.941806012127837877e-02,4.806837178617935820e+02,2.649141112001695067e-02,2.649141112001695067e-02,1.604848607388460735e-04,1.533964518610983767e-04,1.168924349921982575e+00,1.169238231234582592e+00,7.420631867865658648e+01,7.092872149169998863e+01,0.000000000000000000e+00,0.000000000000000000e+00,-4.035166128119179207e-07
2.838063439065108469e+02,6.990945928461482495e-02,9.939749985842423474e-02,4.807186280610019367e+02,2.649012855182365095e-02,2.649012855182365095e-02,1.581097240788924664e-04,1.513183728219228872e-04,1.168898466035363626e+00,1.169207894132264336e+00,7.310808332435307477e+01,6.996784209964673096e+01,0.000000000000000000e+00,0.000000000000000000e+00,-4.054984148486003176e-07
2.921535893155258918e+02,6.990606976735383449e-02,9.937723830103241396e-02,4.807535912017680744e+02,2.648884419418606057e-02,2.648884419418606057e-02,1.558371073516150976e-04,1.493226066474015478e-04,1.168872506318035409e+00,1.169177666032034324e+00,7.205725198535705545e+01,6.904502321148001442e+01,0.000000000000000000e+00,0.000000000000000000e+00,-4.060641678666561588e-07
3.005008347245409368e+02,6.990267277750288055e-02,9.935691154854185692e-02,4.807886356753006680e+02,2.648755700503080401e-02,2.648755700503080401e-02,1.536597221422051382e-04,1.474037536229834606e-04,1.168846490480975664e+00,1.169147553956740637e+00,7.105045458408319803e+01,6.815776806247761499e+01,0.000000000000000000e+00,0.000000000000000000e+00,-4.069593841442804967e-07
3.088480801335559249e+02,6.989926252904071768e-02,9.933629716420279421e-02,4.808238212118345132e+02,2.648626479191571598e-02,2.648626479191571598e-02,1.515710685008629709e-04,1.455569710757912034e-04,1.168820396222186364e+00,1.169117524261763075e+00,7.008468561992533807e+01,6.730383745745851343e+01,0.000000000000000000e+00,0.000000000000000000e+00,-4.085477657671134112e-07
3.171953255425709699e+02,6.989584573587355465e-02,9.931579979086931076e-02,4.808590785781431123e+02,2.648497009887761447e-02,2.648497009887761447e-02,1.495653545327118856e-04,1.437779246667400838e-04,1.168794232205298211e+00,1.169087575484497599e+00,6.915726698857510257e+01,6.648122724882958323e+01,0.000000000000000000e+00,0.000000000000000000e+00,-4.093318214261305907e-07
3.255425709515860149e+02,6.989242223525417297e-02,9.929534132640616129e-02,4.808944094793948807e+02,2.648367286424824218e-02,2.648367286424824218e-02,1.476372872869353395e-04,1.420626212400916870e-04,1.168768006229031986e+00,1.169057706137558883e+00,6.826575129160978861e+01,6.568809104817827915e+01,0.000000000000000000e+00,0.000000000000000000e+00,-4.101353742019243891e-07
3.338898163606010030e+02,6.988899193941219834e-02,9.927489018572301094e-02,4.809298148477273571e+02,2.648237305476960207e-02,2.648237305476960207e-02,1.457819068965482206e-04,1.404072751236419396e-04,1.168741721259397792e+00,1.169027910441418072e+00,6.740784514466648147e+01,6.492267840504655396e+01,0.000000000000000000e+00,0.000000000000000000e+00,-4.109494418685623487e-07
3.422370617696160480e+02,6.988555420187342326e-02,9.925439427245359714e-02,4.809653013834367243e+02,2.648107042547935552e-02,2.648107042547935552e-02,1.439947518660246711e-04,1.388084672202366510e-04,1.168715377990174220e+00,1.168998181209260467e+00,6.658148560450399600e+01,6.418340836898308055e+01,0.000000000000000000e+00,0.000000000000000000e+00,-4.118409571452531716e-07
3.505843071786310929e+02,6.988210864641841713e-02,9.923382695405864873e-02,4.810008729999103707e+02,2.647976483382023447e-02,2.647976483382023447e-02,1.422717659480615346e-04,1.372630732047590036e-04,1.168688976386193179e+00,1.168968511225346063e+00,6.578479710990967533e+01,6.346883628867180960e+01,0.000000000000000000e+00,0.000000000000000000e+00,-4.127775435097337359e-07
3.589315525876460811e+02,6.987865542073184999e-02,9.921318779440878310e-02,4.810365282027843818e+02,2.647845633575299576e-02,2.647845633575299576e-02,1.406091756187442734e-04,1.357681628358487326e-04,1.168662517722351524e+00,1.168938895060805949e+00,6.501603482765219155e+01,6.277760725485097026e+01,0.000000000000000000e+00,0.000000000000000000e+00,-4.136964372507453083e-07
3.672787979966611260e+02,6.987519502089120649e-02,9.919248699149040005e-02,4.810722618991288186e+02,2.647714511925157443e-02,2.647714511925157443e-02,1.390035125423021492e-04,1.343210276183683842e-04,1.168636004942010809e+00,1.168909329482171522e+00,6.427359503992101963e+01,6.210846889111333979e+01,0.000000000000000000e+00,0.000000000000000000e+00,-4.145559009090905823e-07
3.756260434056761710e+02,6.987172853865056266e-02,9.917177316864619896e-02,4.811080628411695557e+02,2.647583159800399183e-02,2.647583159800399183e-02,1.374516164114807733e-04,1.329191902981015827e-04,1.168609441473977828e+00,1.168879812280687380e+00,6.355601645768138042e+01,6.146027574414335248e+01,0.000000000000000000e+00,0.000000000000000000e+00,-4.152845724291299845e-07
3.839732888146911591e+02,6.986825678451143162e-02,9.915108996421466425e-02,4.811439226808393528e+02,2.647451607912590377e-02,2.647451607912590377e-02,1.359506055903197236e-04,1.315603845615369869e-04,1.168582828984674249e+00,1.168850339974826014e+00,6.286196664623877695e+01,6.083197989713519860e+01,0.000000000000000000e+00,0.000000000000000000e+00,-4.159161458678996834e-07
3.923205342237062041e+02,6.986478030605747236e-02,9.913048684776901154e-02,4.811798357821447780e+02,2.647319877010799460e-02,2.647319877010799460e-02,1.344977275405540029e-04,1.302424246608825805e-04,1.168556166265085627e+00,1.168820906417287198e+00,6.219017286415996892e+01,6.022257068592741547e+01,0.000000000000000000e+00,0.000000000000000000e+00,-4.164821187843188276e-07
4.006677796327212491e+02,6.986129725657302947e-02,9.910991405212789263e-02,4.812158212447868664e+02,2.647187897119180136e-02,2.647187897119180136e-02,1.330904743543867043e-04,1.289633141547411532e-04,1.168529443694986458e+00,1.168791497483495645e+00,6.153947548427304071e+01,5.963112497941676793e+01,0.000000000000000000e+00,0.000000000000000000e+00,-4.172693282362572630e-07
4.090150250417362372e+02,6.985780375269572129e-02,9.908894557353188637e-02,4.812519192237812717e+02,2.647055521089164767e-02,2.647055521089164767e-02,1.317264470708214767e-04,1.277211265395498268e-04,1.168502678608508649e+00,1.168762126182119054e+00,6.090876525512977935e+01,5.905675198493496225e+01,0.000000000000000000e+00,0.000000000000000000e+00,-4.185217645015217607e-07
4.173622704507512822e+02,6.985430981086875046e-02,9.906824634164004828e-02,4.812880262422309556e+02,2.646923128464338110e-02,2.646923128464338110e-02,1.304035178928607762e-04,1.265141561964496159e-04,1.168475877005400454e+00,1.168732794679489650e+00,6.029705830833686520e+01,5.849866304431189690e+01,0.000000000000000000e+00,0.000000000000000000e+00,-4.185742308711038902e-07
4.257095158597662703e+02,6.985080836976013952e-02,9.904754066323631645e-02,4.813242152893878369e+02,2.646790451676342762e-02,2.646790451676342762e-02,1.291196826617721852e-04,1.253407873148524622e-04,1.168449012070120308e+00,1.168703472540096877e+00,5.970342794438574430e+01,5.795611102566942208e+01,0.000000000000000000e+00,0.000000000000000000e+00,-4.194726448115933989e-07
4.340567612687813153e+02,6.984730078908792106e-02,9.902661451442122675e-02,4.813604723392135156e+02,2.646657542247684777e-02,2.646657542247684777e-02,1.278730161082670643e-04,1.241994552953560715e-04,1.168422120178734591e+00,1.168674192650138277e+00,5.912698394132202395e+01,5.742837247658145827e+01,0.000000000000000000e+00,0.000000000000000000e+00,-4.202081645317702348e-07
4.424040066777963602e+02,6.984378997404562528e-02,9.900594365196831170e-02,4.813967673804355059e+02,2.646524510262108359e-02,2.646524510262108359e-02,1.266618092779218019e-04,1.230887747544405454e-04,1.168395170029355778e+00,1.168644920613388205e+00,5.856693609864966277e+01,5.691480681194546065e+01,0.000000000000000000e+00,0.000000000000000000e+00,-4.205956420670332492e-07
4.507512520868113484e+02,6.984027223620641045e-02,9.898499023614323877e-02,4.814331385648611104e+02,2.646391215957552209e-02,2.646391215957552209e-02,1.254843467148069366e-04,1.220073374390137286e-04,1.168368193606069916e+00,1.168615685290223860e+00,5.802249120965247187e+01,5.641476287203675355e+01,0.000000000000000000e+00,0.000000000000000000e+00,-4.214249931379384464e-07
4.590984974958263933e+02,6.983674873877830647e-02,9.896411876663917251e-02,4.814695738912262186e+02,2.646257703410355433e-02,2.646257703410355433e-02,1.243391342435500632e-04,1.209539228662315599e-04,1.168341158048841866e+00,1.168586451105951607e+00,5.749295838515042334e+01,5.592767631989262611e+01,0.000000000000000000e+00,0.000000000000000000e+00,-4.221149918868561603e-07
4.674457429048414383e+02,6.983322537353083004e-02,9.894346393125282024e-02,4.815060124464962428e+02,2.646124195871753931e-02,2.646124195871753931e-02,1.232247153139561370e-04,1.199273314342465897e-04,1.168314096921947431e+00,1.168557248968695728e+00,5.697766413340448821e+01,5.545299247367849205e+01,0.000000000000000000e+00,0.000000000000000000e+00,-4.220991566476751769e-07
4.757929883138564264e+02,6.982969068542034530e-02,9.892236192633234448e-02,4.815425727211807612e+02,2.645990259286639876e-02,2.645990259286639876e-02,1.221397043754067198e-04,1.189264162659674754e-04,1.168286991892948823e+00,1.168528058013590165e+00,5.647596779204774009e+01,5.499018103086903153e+01,0.000000000000000000e+00,0.000000000000000000e+00,-4.234556356360737831e-07
4.841402337228714714e+02,6.982615272656546301e-02,9.890141681024207376e-02,4.815791714593967185e+02,2.645856198766309911e-02,2.645856198766309911e-02,1.210828537612120134e-04,1.179501462076010059e-04,1.168259839792594734e+00,1.168498872792563592e+00,5.598729245462581616e+01,5.453876519803566225e+01,0.000000000000000000e+00,0.000000000000000000e+00,-4.238474708148965779e-07
4.924874791318865164e+02,6.982261200105874255e-02,9.888056775666628773e-02,4.816158034592004356e+02,2.645722033411864946e-02,2.645722033411864946e-02,1.200530131630058659e-04,1.169975698087039555e-04,1.168232651944613121e+00,1.168469702527584975e+00,5.551110623203213379e+01,5.409830503564471371e+01,0.000000000000000000e+00,0.000000000000000000e+00,-4.241789157051107890e-07
5.008347245409015045e+02,6.981906819577604617e-02,9.885976246987963900e-02,4.816524719724702095e+02,2.645587751358388987e-02,2.645587751358388987e-02,1.190490143756306685e-04,1.160677096488539611e-04,1.168205431834674846e+00,1.168440548558699277e+00,5.504686895989351569e+01,5.366834859594850826e+01,0.000000000000000000e+00,0.000000000000000000e+00,-4.245478728670278844e-07
5.091819699499165495e+02,6.981551892008648619e-02,9.883885168880353345e-02,4.816892017532466070e+02,2.645453262019972773e-02,2.645453262019972773e-02,1.180697688685237366e-04,1.151596532749120979e-04,1.168178176867763929e+00,1.168411406289907362e+00,5.459407731443563705e+01,5.324847397130982074e+01,0.000000000000000000e+00,0.000000000000000000e+00,-4.252032276092849624e-07
5.175292153589315376e+02,6.981196416315071929e-02,9.881786359709419931e-02,4.817259929361368904e+02,2.645318564985890686e-02,2.645318564985890686e-02,1.171142978906139541e-04,1.142725820866227510e-04,1.168150883655137307e+00,1.168382270535114564e+00,5.415227873263446412e+01,5.283830265056467113e+01,0.000000000000000000e+00,0.000000000000000000e+00,-4.258598809048765802e-07
5.258764607679465826e+02,6.980840508917139642e-02,9.879687624863954520e-02,4.817628334920200928e+02,2.645183704370170780e-02,2.645183704370170780e-02,1.161816563050623301e-04,1.134057015146425890e-04,1.168123552830211409e+00,1.168353140188031158e+00,5.372103619429290688e+01,5.243746723416127509e+01,0.000000000000000000e+00,0.000000000000000000e+00,-4.263770627228786366e-07
5.342237061769616275e+02,6.980484177299951798e-02,9.877588987246424534e-02,4.817997226638773896e+02,2.645048683009070672e-02,2.645048683009070672e-02,1.152709496492694584e-04,1.125582574505353797e-04,1.168096184989623865e+00,1.168324014196723715e+00,5.329993611038835155e+01,5.204561903119708433e+01,0.000000000000000000e+00,0.000000000000000000e+00,-4.268852773910359890e-07
5.425709515859766725e+02,6.980127319819279252e-02,9.875482655422844480e-02,4.818366709940814872e+02,2.644913462387506187e-02,2.644913462387506187e-02,1.143813298011774445e-04,1.117295328045693313e-04,1.168068780701946530e+00,1.168294891564552351e+00,5.288858631922144582e+01,5.166242646778460568e+01,0.000000000000000000e+00,0.000000000000000000e+00,-4.275152618457085260e-07
5.509181969949917175e+02,6.979769954125249198e-02,9.873365903942570021e-02,4.818736766765432549e+02,2.644778049193472966e-02,2.644778049193472966e-02,1.135119782742752585e-04,1.109188324560091116e-04,1.168041344607942955e+00,1.168265775418673158e+00,5.248660836222238402e+01,5.128756812824282463e+01,0.000000000000000000e+00,0.000000000000000000e+00,-4.281241014480037181e-07
5.592654424040066488e+02,6.979412336294314734e-02,9.871253825055560649e-02,4.819107132101741513e+02,2.644642540459593572e-02,2.644642540459593572e-02,1.126621408229154080e-04,1.101255159956939878e-04,1.168013880550394568e+00,1.168236668207213169e+00,5.209365348504373117e+01,5.092074789488159325e+01,0.000000000000000000e+00,0.000000000000000000e+00,-4.284261614594934331e-07
5.676126878130216937e+02,6.979054513261065407e-02,9.869151783437288272e-02,4.819477757441648009e+02,2.644506953970346061e-02,2.644506953970346061e-02,1.118311427594947846e-04,1.093490126010460606e-04,1.167986386214162398e+00,1.168207566369522832e+00,5.170940972004533620e+01,5.056170182603108998e+01,0.000000000000000000e+00,0.000000000000000000e+00,-4.286719938326928017e-07
5.759599332220367387e+02,6.978696440043885563e-02,9.867065586824794177e-02,4.819848689475350056e+02,2.644371272681274310e-02,2.644371272681274310e-02,1.110182829139818195e-04,1.085887223924036384e-04,1.167958851083332528e+00,1.168178458088638960e+00,5.133355285442250704e+01,5.021015254436650821e+01,0.000000000000000000e+00,0.000000000000000000e+00,-4.289717141814520659e-07
5.843071786310517837e+02,6.978337335917940421e-02,9.864934299081332125e-02,4.820220737228490862e+02,2.644235200759718560e-02,2.644235200759718560e-02,1.102228606811907761e-04,1.078440418523130847e-04,1.167931280734415322e+00,1.168149347636948887e+00,5.096575893654865297e+01,4.986582099049067551e+01,0.000000000000000000e+00,0.000000000000000000e+00,-4.302067428822792846e-07
5.926544240400668286e+02,6.977978385035663034e-02,9.862826976788374722e-02,4.820592674050653272e+02,2.644099186905332979e-02,2.644099186905332979e-02,1.094443081911925414e-04,1.071144879332753993e-04,1.167903693891345407e+00,1.168120252687469884e+00,5.060576539002413199e+01,4.952848380890150537e+01,0.000000000000000000e+00,0.000000000000000000e+00,-4.300231569683083673e-07
6.010016694490818736e+02,6.977618927658781056e-02,9.860724519187231973e-02,4.820965183627058082e+02,2.643962981129749021e-02,2.643962981129749021e-02,1.086820261722164400e-04,1.063995447800651439e-04,1.167876057576297422e+00,1.168091139147249713e+00,5.025329511860582699e+01,4.919790247418871587e+01,0.000000000000000000e+00,0.000000000000000000e+00,-4.306299375046080416e-07
6.093489148580968049e+02,6.977259025527619840e-02,9.858599720695004898e-02,4.821338202174608227e+02,2.643826606827642811e-02,2.643826606827642811e-02,1.079354412059337965e-04,1.056987175229681685e-04,1.167848408587028430e+00,1.168062042745757312e+00,4.990808298037917012e+01,4.887384816439649882e+01,0.000000000000000000e+00,0.000000000000000000e+00,-4.311627531311417023e-07
6.176961602671118499e+02,6.976898846487045169e-02,9.856494299678819626e-02,4.821711555884767222e+02,2.643690127598878961e-02,2.643690127598878961e-02,1.072040512244554623e-04,1.050115752907112697e-04,1.167820712457287025e+00,1.168032928083802213e+00,4.956989682503660077e+01,4.855612164969804923e+01,0.000000000000000000e+00,0.000000000000000000e+00,-4.314944906084545667e-07
6.260434056761268948e+02,6.976538407815674470e-02,9.854377880014797420e-02,4.822085226963268951e+02,2.643553549990678569e-02,2.643553549990678569e-02,1.064873121834198879e-04,1.043376450183610842e-04,1.167793005946853757e+00,1.168003830904055462e+00,4.923848509284168529e+01,4.824450419041264126e+01,0.000000000000000000e+00,0.000000000000000000e+00,-4.318055283020972427e-07
6.343906510851419398e+02,6.976177274228988201e-02,9.852251031118441915e-02,4.822459666875311655e+02,2.643416709064807038e-02,2.643416709064807038e-02,1.057847686612569071e-04,1.036765343547704755e-04,1.167765251951187189e+00,1.167974713254203101e+00,4.891363720219805344e+01,4.793881436796829831e+01,0.000000000000000000e+00,0.000000000000000000e+00,-4.326380368501487687e-07
6.427378964941569848e+02,6.975816263802415984e-02,9.850151881222206363e-02,4.822834027526415070e+02,2.643279914806829362e-02,2.643279914806829362e-02,1.050959547434750571e-04,1.030278387247357151e-04,1.167737474642414952e+00,1.167945598435883303e+00,4.859513771970548390e+01,4.763886511153255299e+01,0.000000000000000000e+00,0.000000000000000000e+00,-4.324904910335148814e-07
6.510851419031720297e+02,6.975454755531212969e-02,9.848030802627021074e-02,4.823208952970414316e+02,2.643142931905306456e-02,2.643142931905306456e-02,1.044204149567366758e-04,1.023911611281938793e-04,1.167709679694854730e+00,1.167916491270939661e+00,4.828277603983092803e+01,4.734447285292925756e+01,0.000000000000000000e+00,0.000000000000000000e+00,-4.330869089012107918e-07
6.594323873121869610e+02,6.975092613595820779e-02,9.845896397060795169e-02,4.823584584304637701e+02,2.643005708895420150e-02,2.643005708895420150e-02,1.037577323014032761e-04,1.017661387219089475e-04,1.167681845731689982e+00,1.167887369602713221e+00,4.797635934682890024e+01,4.705546981769869319e+01,0.000000000000000000e+00,0.000000000000000000e+00,-4.338460385998492628e-07
6.677796327212020060e+02,6.974730267614243084e-02,9.843772060297328874e-02,4.823960476086222116e+02,2.642868408568247937e-02,2.642868408568247937e-02,1.031075087789626185e-04,1.011524246538294175e-04,1.167653981544209296e+00,1.167858241477642167e+00,4.767570361085198982e+01,4.677169562551745940e+01,0.000000000000000000e+00,0.000000000000000000e+00,-4.340904859300765375e-07
6.761268781302170510e+02,6.974367663863788314e-02,9.841650565261093886e-02,4.824336684148421455e+02,2.642731010567158506e-02,2.642731010567158506e-02,1.024693705034050804e-04,1.005496930355694865e-04,1.167626091028591606e+00,1.167829110092130529e+00,4.738063595139139039e+01,4.649299958941545441e+01,0.000000000000000000e+00,0.000000000000000000e+00,-4.343992930448143444e-07
6.844741235392320959e+02,6.974004764573291104e-02,9.839528712426316714e-02,4.824713247800336831e+02,2.642593500579883473e-02,2.642593500579883473e-02,1.018429286468596786e-04,9.995760216876812859e-05,1.167598174735303029e+00,1.167799975266118562e+00,4.709097657899673806e+01,4.621922371207534042e+01,0.000000000000000000e+00,0.000000000000000000e+00,-4.347533500156558963e-07
6.928213689482471409e+02,6.973641535581810713e-02,9.837404196661392319e-02,4.825090202624706421e+02,2.642455865662141426e-02,2.642455865662141426e-02,1.012278303711341423e-04,9.937584275288653592e-05,1.167570232475728442e+00,1.167770836148852576e+00,4.680656234542328775e+01,4.595022497655305926e+01,0.000000000000000000e+00,0.000000000000000000e+00,-4.351483317935074095e-07
7.011686143572621859e+02,6.973277972824441784e-02,9.835276578745194564e-02,4.825467552983471933e+02,2.642318104273654739e-02,2.642318104273654739e-02,1.006237522983924744e-04,9.880413188100961022e-05,1.167542264414247022e+00,1.167741692298426504e+00,4.652724372454974144e+01,4.568587257000682200e+01,0.000000000000000000e+00,0.000000000000000000e+00,-4.355481833279762714e-07
7.095158597662771172e+02,6.972914110284043898e-02,9.833147662111453580e-02,4.825845263742554039e+02,2.642180229291227894e-02,2.642180229291227894e-02,1.000303401368164203e-04,9.824215599326296998e-05,1.167514271300188700e+00,1.167712543796318725e+00,4.625285689599174788e+01,4.542602150602571953e+01,0.000000000000000000e+00,0.000000000000000000e+00,-4.359073233966719554e-07
7.178631051752921621e+02,6.972549993268832569e-02,9.831020312478469525e-02,4.826223287990930544e+02,2.642042257883072884e-02,2.642042257883072884e-02,9.944730858230377811e-05,9.768966553699575956e-05,1.167486253602265212e+00,1.167683390576384372e+00,4.598326993847629041e+01,4.517055639438882508e+01,0.000000000000000000e+00,0.000000000000000000e+00,-4.362121842231715238e-07
7.262103505843072071e+02,6.972185677768222289e-02,9.828899851870422089e-02,4.826601567701808335e+02,2.641904211264727714e-02,2.641904211264727714e-02,9.887437165746702501e-05,9.714640914696407890e-05,1.167458209841056638e+00,1.167654230621861133e+00,4.571835061941111178e+01,4.491936100675342658e+01,0.000000000000000000e+00,0.000000000000000000e+00,-4.364499697311136965e-07
7.345575959933222521e+02,6.971821046142458178e-02,9.826785197748322265e-02,4.826980225137823481e+02,2.641766044860075630e-02,2.641766044860075630e-02,9.831123015134024773e-05,9.661212176715354611e-05,1.167430131425605477e+00,1.167625054777523985e+00,4.545796058715239951e+01,4.467231278432500119e+01,0.000000000000000000e+00,0.000000000000000000e+00,-4.368286876654043371e-07
7.429048414023372970e+02,6.971455604260737293e-02,9.824631516191188740e-02,4.827359773675451038e+02,2.641627571432815513e-02,2.641627571432815513e-02,9.775759159531229503e-05,9.608654362589384083e-05,1.167402028908971712e+00,1.167595873044192878e+00,4.520196460764218926e+01,4.442929161172779828e+01,0.000000000000000000e+00,0.000000000000000000e+00,-4.377993743016190308e-07
7.512520868113523420e+02,6.971090314076935912e-02,9.822498444140270735e-02,4.827739214371247272e+02,2.641489155487010410e-02,2.641489155487010410e-02,9.721320471039383805e-05,9.556945302557146233e-05,1.167373913747014935e+00,1.167566696404750859e+00,4.495024649242085246e+01,4.419019497858368339e+01,0.000000000000000000e+00,0.000000000000000000e+00,-4.376176401940535402e-07
7.595993322203672733e+02,6.970724881374505688e-02,9.820386583070474240e-02,4.828118852846292839e+02,2.641350685537972171e-02,2.641350685537972171e-02,9.667782858627334741e-05,9.506063719070959386e-05,1.167345760626786744e+00,1.167537499092563769e+00,4.470269484738389565e+01,4.395492450000596563e+01,0.000000000000000000e+00,0.000000000000000000e+00,-4.377883775114132349e-07
7.679465776293823183e+02,6.970358585135508211e-02,9.818227199635287672e-02,4.828499438362007368e+02,2.641211888377210937e-02,2.641211888377210937e-02,9.615117049043196110e-05,9.455983317463904989e-05,1.167317588733438383e+00,1.167508299737103572e+00,4.445917431644548401e+01,4.372335859253661994e+01,0.000000000000000000e+00,0.000000000000000000e+00,-4.388228943189760088e-07
7.762938230383973632e+02,6.969992711049093070e-02,9.816117324011891521e-02,4.828879635173724409e+02,2.641073251178724032e-02,2.641073251178724032e-02,9.563304980537942247e-05,9.406688377461225271e-05,1.167289393418539767e+00,1.167479093352119746e+00,4.421960138419502329e+01,4.349542456746763719e+01,0.000000000000000000e+00,0.000000000000000000e+00,-4.383171555253379599e-07
7.846410684474124082e+02,6.969625809332810618e-02,9.813955107784046172e-02,4.829260949951159887e+02,2.640934224590195736e-02,2.640934224590195736e-02,9.512318464019217765e-05,9.358153466345501355e-05,1.167261171130523190e+00,1.167449875849826846e+00,4.398384570757329470e+01,4.327100482689444050e+01,0.000000000000000000e+00,0.000000000000000000e+00,-4.395482561063774535e-07
7.929883138564274532e+02,6.969259187057383342e-02,9.811835830223954169e-02,4.829642024440241812e+02,2.640795303887541468e-02,2.640795303887541468e-02,9.462141666973670551e-05,9.310364836018200966e-05,1.167232921092287601e+00,1.167420646157317554e+00,4.375183407889416998e+01,4.305003580122074425e+01,0.000000000000000000e+00,0.000000000000000000e+00,-4.392134859618746430e-07
8.013355592654424981e+02,6.968892073602156456e-02,9.809688016844651803e-02,4.830023659692108708e+02,2.640656197066781896e-02,2.640656197066781896e-02,9.412750306462908600e-05,9.263300623909332700e-05,1.167204661440573998e+00,1.167391421949877772e+00,4.352345421669656389e+01,4.283241640048525767e+01,0.000000000000000000e+00,0.000000000000000000e+00,-4.398019193618086217e-07
8.096828046744574294e+02,6.968524488055014010e-02,9.807539001225046293e-02,4.830405836070897294e+02,2.640516911360709512e-02,2.640516911360709512e-02,9.364123760938177562e-05,9.216942384926727965e-05,1.167176362152959834e+00,1.167362172814418564e+00,4.329861076935592479e+01,4.261806133674361519e+01,0.000000000000000000e+00,0.000000000000000000e+00,-4.403674854766553512e-07
8.180300500834724744e+02,6.968156921896045963e-02,9.805408340393269306e-02,4.830788042690203952e+02,2.640377633001214294e-02,2.640377633001214294e-02,9.316243724538073078e-05,9.171273818578668630e-05,1.167148041786794321e+00,1.167332916962225520e+00,4.307721909271462835e+01,4.240689523843256126e+01,0.000000000000000000e+00,0.000000000000000000e+00,-4.403442584437189755e-07
8.263772954924875194e+02,6.967789282149139396e-02,9.803282743872304694e-02,4.831170376249912692e+02,2.640238326757739229e-02,2.640238326757739229e-02,9.269091186123836802e-05,9.126277892893179338e-05,1.167119707924990424e+00,1.167303661615780586e+00,4.285919128149520674e+01,4.219883935170988565e+01,0.000000000000000000e+00,0.000000000000000000e+00,-4.404324167940666103e-07
8.347245409015025643e+02,6.967421026761359826e-02,9.801131570262054671e-02,4.831553400618925025e+02,2.640098787235305514e-02,2.640098787235305514e-02,9.222647009436106948e-05,9.081937398820109746e-05,1.167091350562646568e+00,1.167274396406729142e+00,4.264443885187719729e+01,4.199381410394463643e+01,0.000000000000000000e+00,0.000000000000000000e+00,-4.411699545599241064e-07
8.430717863105176093e+02,6.967052447972112150e-02,9.798979620790189415e-02,4.831936812040380573e+02,2.639959125169420023e-02,2.639959125169420023e-02,9.176893244593167158e-05,9.038236204843682004e-05,1.167062965512413397e+00,1.167245116806907790e+00,4.243287880571131865e+01,4.179174490489852190e+01,0.000000000000000000e+00,0.000000000000000000e+00,-4.415573895187141851e-07
8.514190317195325406e+02,6.966683668644974015e-02,9.796832140640862607e-02,4.832320482823824932e+02,2.639819387115613022e-02,2.639819387115613022e-02,9.131813725450968738e-05,8.995159832299254386e-05,1.167034557007058382e+00,1.167215826742636020e+00,4.222443639264220394e+01,4.159256480692317837e+01,0.000000000000000000e+00,0.000000000000000000e+00,-4.417976339114915081e-07
8.597662771285475856e+02,6.966314677581079973e-02,9.794686914999412020e-02,4.832704424714888205e+02,2.639679568830404291e-02,2.639679568830404291e-02,9.087393400326957815e-05,8.952694820828193528e-05,1.167006126667086807e+00,1.167186527549298303e+00,4.201904201545382733e+01,4.139621157089786863e+01,0.000000000000000000e+00,0.000000000000000000e+00,-4.420512945450611487e-07
8.681135225375626305e+02,6.965945477744281411e-02,9.792544050994916871e-02,4.833088634725961015e+02,2.639539671436858317e-02,2.639539671436858317e-02,9.043614412246812320e-05,8.910824982550017283e-05,1.166977674617538430e+00,1.167157219011486502e+00,4.181661310558980915e+01,4.120261034596051530e+01,0.000000000000000000e+00,0.000000000000000000e+00,-4.423014044846757407e-07
8.764607679465776755e+02,6.965576083613421454e-02,9.790405866927114065e-02,4.833473097882355773e+02,2.639399700421306630e-02,2.639399700421306630e-02,9.000462338738786730e-05,8.869537369301402322e-05,1.166949199397469439e+00,1.167127899394549750e+00,4.161708297523114197e+01,4.101170126132146265e+01,0.000000000000000000e+00,0.000000000000000000e+00,-4.425341687702272931e-07
8.848080133555927205e+02,6.965206350888240860e-02,9.788265325838621522e-02,4.833857964490674703e+02,2.639259601105418268e-02,2.639259601105418268e-02,8.957921648033724104e-05,8.828817930744135064e-05,1.166920697037198584e+00,1.167098564432986318e+00,4.142037980729762836e+01,4.082341934986355625e+01,0.000000000000000000e+00,0.000000000000000000e+00,-4.429398047663502514e-07
8.931552587646077654e+02,6.964836029857277011e-02,9.786099188875750643e-02,4.834243494685154587e+02,2.639119278868398699e-02,2.639119278868398699e-02,8.915977787533451706e-05,8.788653513756414964e-05,1.166892173407680700e+00,1.167069219720693551e+00,4.122643631228091010e+01,4.063770379309317349e+01,0.000000000000000000e+00,0.000000000000000000e+00,-4.436445950946905144e-07
9.015025041736226967e+02,6.964465690114803043e-02,9.783940791762528455e-02,4.834629095613618119e+02,2.638978949541203461e-02,2.638978949541203461e-02,8.874617527431661994e-05,8.749032194808917761e-05,1.166863637773358775e+00,1.167039874270581201e+00,4.103519131710719137e+01,4.045449945800819336e+01,0.000000000000000000e+00,0.000000000000000000e+00,-4.436670114838192490e-07
9.098497495826377417e+02,6.964095391807513524e-02,9.781801687298571912e-02,4.835014704655631022e+02,2.638838635914650052e-02,2.638838635914650052e-02,8.833828949442743342e-05,8.709943272793653274e-05,1.166835081866084645e+00,1.167010519588307149e+00,4.084658971302066277e+01,4.027375686393945386e+01,0.000000000000000000e+00,0.000000000000000000e+00,-4.436173721328418652e-07
9.181969949916527867e+02,6.963724536416367183e-02,9.779653702222564082e-02,4.835400945193898679e+02,2.638698111197592538e-02,2.638698111197592538e-02,8.793597186791483054e-05,8.671373187636064416e-05,1.166806488019117793e+00,1.166981137722862050e+00,4.066056275779516938e+01,4.009541331069149805e+01,0.000000000000000000e+00,0.000000000000000000e+00,-4.442847585933152458e-07
9.265442404006678316e+02,6.963353384152295988e-02,9.777486663386780741e-02,4.835787546409637798e+02,2.638557473989292662e-02,2.638557473989292662e-02,8.753908600614550034e-05,8.633309522120307582e-05,1.166777889738937812e+00,1.166951761920165254e+00,4.047704738692517878e+01,3.991941138251358723e+01,0.000000000000000000e+00,0.000000000000000000e+00,-4.446404123572906224e-07
9.348914858096828766e+02,6.962982422628716250e-02,9.775358105382045415e-02,4.836174000424549035e+02,2.638416909056478382e-02,2.638416909056478382e-02,8.714755304166545277e-05,8.595745346522770615e-05,1.166749261606896182e+00,1.166922366613403206e+00,4.029600713302431103e+01,3.974571903717592392e+01,0.000000000000000000e+00,0.000000000000000000e+00,-4.444119052485252062e-07
9.432387312186979216e+02,6.962610576947228513e-02,9.773178724267732320e-02,4.836561427182170974e+02,2.638276009098091887e-02,2.638276009098091887e-02,8.676121190300998230e-05,8.558665816838381083e-05,1.166720616408987610e+00,1.166892964279059086e+00,4.011736751853509730e+01,3.957426763773881362e+01,0.000000000000000000e+00,0.000000000000000000e+00,-4.454711264223077439e-07
9.515859766277128529e+02,6.962239026395333763e-02,9.771043215165131635e-02,4.836948598112914510e+02,2.638135220970363320e-02,2.638135220970363320e-02,8.637997716910119012e-05,8.522063319780323230e-05,1.166691943913128249e+00,1.166863544523495166e+00,3.994108904575227115e+01,3.940502198125631139e+01,0.000000000000000000e+00,0.000000000000000000e+00,-4.451175611699159721e-07
9.599332220367278978e+02,6.961866944281189240e-02,9.768873994141583084e-02,4.837336374722634105e+02,2.637994231422791450e-02,2.637994231422791450e-02,8.600370804296190389e-05,8.485924899998902547e-05,1.166663264165388458e+00,1.166834127122431397e+00,3.976710661180376150e+01,3.923792216370984676e+01,0.000000000000000000e+00,0.000000000000000000e+00,-4.457543727451374332e-07
9.682804674457429428e+02,6.961494526563195839e-02,9.766711396158066216e-02,4.837724552978145311e+02,2.637853114708035157e-02,2.637853114708035157e-02,8.563231529893646464e-05,8.450242528549312669e-05,1.166634547151518930e+00,1.166804681892103401e+00,3.959537895979214994e+01,3.907293106019963602e+01,0.000000000000000000e+00,0.000000000000000000e+00,-4.461564261560930034e-07
9.766277128547579878e+02,6.961122287396048769e-02,9.764572417322484044e-02,4.838112597008504281e+02,2.637712065649858856e-02,2.637712065649858856e-02,8.526570562510537470e-05,8.415007761980973500e-05,1.166605816410734908e+00,1.166775232193979939e+00,3.942586294337949937e+01,3.891000962919979855e+01,0.000000000000000000e+00,0.000000000000000000e+00,-4.459425222421892435e-07
9.849749582637730327e+02,6.960749677811303715e-02,9.762414406876694650e-02,4.838501079140598904e+02,2.637570876232853481e-02,2.637570876232853481e-02,8.490375924650611650e-05,8.380209590589130994e-05,1.166577075003483621e+00,1.166745780858636117e+00,3.925850318002694195e+01,3.874910696312591796e+01,0.000000000000000000e+00,0.000000000000000000e+00,-4.463862825245735144e-07
9.933222036727880777e+02,6.960376529904876985e-02,9.760241003584797792e-02,4.838890174630905676e+02,2.637429482834717509e-02,2.637429482834717509e-02,8.454637231031189332e-05,8.345838511864355868e-05,1.166548304657541113e+00,1.166716309414969954e+00,3.909325164940453590e+01,3.859017912348811308e+01,0.000000000000000000e+00,0.000000000000000000e+00,-4.470311918992209558e-07
1.001669449081803009e+03,6.960003246191176496e-02,9.758076299031412382e-02,4.839279463913402424e+02,2.637288037976419364e-02,2.637288037976419364e-02,8.419347014636901865e-05,8.311887809583733393e-05,1.166519511399962239e+00,1.166686823748204427e+00,3.893007382490839063e+01,3.843319505525878554e+01,0.000000000000000000e+00,0.000000000000000000e+00,-4.471938890131915803e-07
1.010016694490818054e+03,6.959629789463221694e-02,9.755914412595011187e-02,4.839668985864996671e+02,2.637146527559470002e-02,2.637146527559470002e-02,8.384494415984617723e-05,8.278347484765710891e-05,1.166490698875723098e+00,1.166657327294730484e+00,3.876891949356124911e+01,3.827810852431915123e+01,0.000000000000000000e+00,0.000000000000000000e+00,-4.474011600898514768e-07
1.018363939899833099e+03,6.959256130347965530e-02,9.753752632666781719e-02,4.840058771210897817e+02,2.637004940453819418e-02,2.637004940453819418e-02,8.350071708271583507e-05,8.245210533471408483e-05,1.166461867739054581e+00,1.166627820561471962e+00,3.860975292753279575e+01,3.812488714527670197e+01,0.000000000000000000e+00,0.000000000000000000e+00,-4.476436200768835455e-07
1.026711185308848144e+03,6.958882261127624647e-02,9.751590279048399923e-02,4.840448828098439549e+02,2.636863273735041285e-02,2.636863273735041285e-02,8.316069351597308007e-05,8.212468188771559206e-05,1.166433018122854826e+00,1.166598303498258327e+00,3.845253001544126192e+01,3.797349038087801887e+01,0.000000000000000000e+00,0.000000000000000000e+00,-4.478953259683771560e-07
1.035058430717863075e+03,6.958508195853463363e-02,9.749428331114003143e-02,4.840839141963189718e+02,2.636721532727448122e-02,2.636721532727448122e-02,8.282478555722539403e-05,8.180112387483839086e-05,1.166404150078317992e+00,1.166568775987750106e+00,3.829721011225057481e+01,3.782388094791306798e+01,0.000000000000000000e+00,0.000000000000000000e+00,-4.481301984452229703e-07
1.043405676126878234e+03,6.958133970929493428e-02,9.747270041892892867e-02,4.841229674904507192e+02,2.636579731225266454e-02,2.636579731225266454e-02,8.249292875954448707e-05,8.148137309644429792e-05,1.166375262921663269e+00,1.166539237223519265e+00,3.814376341845644447e+01,3.767603193555125785e+01,0.000000000000000000e+00,0.000000000000000000e+00,-4.483214589159745754e-07
1.051752921535893165e+03,6.957759606099346572e-02,9.745120765708738253e-02,4.841620406391299412e+02,2.636437876709763969e-02,2.636437876709763969e-02,8.216502914783416754e-05,8.116534274940405359e-05,1.166346352165520628e+00,1.166509682537417936e+00,3.799214648107579251e+01,3.752990320704298455e+01,0.000000000000000000e+00,0.000000000000000000e+00,-4.484890665159385823e-07
1.060100166944908324e+03,6.957384606726040033e-02,9.742947163393810006e-02,4.842011852858390739e+02,2.636295781752838116e-02,2.636295781752838116e-02,8.184100087536083721e-05,8.085295369904496620e-05,1.166317414604434610e+00,1.166480108559009077e+00,3.784231960558516050e+01,3.738545817144307648e+01,0.000000000000000000e+00,0.000000000000000000e+00,-4.492492492212269053e-07
1.068447412353923255e+03,6.957009433902514028e-02,9.740765850197423414e-02,4.842403533170109426e+02,2.636153621072065412e-02,2.636153621072065412e-02,8.152076755903155732e-05,8.054413578270930177e-05,1.166288469805324191e+00,1.166450534708665998e+00,3.769424747333760450e+01,3.724266438636091436e+01,0.000000000000000000e+00,0.000000000000000000e+00,-4.494570425841582500e-07
1.076794657762938186e+03,6.956634440440635780e-02,9.738609886342892985e-02,4.842795078999683938e+02,2.636011528355101247e-02,2.636011528355101247e-02,8.120427733591407125e-05,8.023884235246683144e-05,1.166259509425699337e+00,1.166420952545387690e+00,3.754790610352108615e+01,3.710150028234029662e+01,0.000000000000000000e+00,0.000000000000000000e+00,-4.492421673301461696e-07
1.085141903171953345e+03,6.956258872830670126e-02,9.736443009455830744e-02,4.843187277210438424e+02,2.635869218081646551e-02,2.635869218081646551e-02,8.089144652954736872e-05,7.993699594801133312e-05,1.166230511894844168e+00,1.166391340337321836e+00,3.740325680512076190e+01,3.696193004264348048e+01,0.000000000000000000e+00,0.000000000000000000e+00,-4.499299967388470321e-07
1.093489148580968276e+03,6.955883161587797514e-02,9.734264128909769775e-02,4.843579678385131047e+02,2.635726853382735352e-02,2.635726853382735352e-02,8.058218899195177649e-05,7.963851658129061429e-05,1.166201514538428796e+00,1.166361735244002107e+00,3.726025974432049281e+01,3.682391668173260513e+01,0.000000000000000000e+00,0.000000000000000000e+00,-4.501020689613938544e-07
1.101836393989983435e+03,6.955507393753347645e-02,9.732110283833203535e-02,4.843972191668228788e+02,2.635584467240115192e-02,2.635584467240115192e-02,8.027646540397149382e-05,7.934336933826612287e-05,1.166172482202922689e+00,1.166332102037664908e+00,3.711889674040347842e+01,3.668744405576546086e+01,0.000000000000000000e+00,0.000000000000000000e+00,-4.501698656709363331e-07
1.110183639398998366e+03,6.955131197781193320e-02,9.729926226707838466e-02,4.844365205275818766e+02,2.635441918867333783e-02,2.635441918867333783e-02,7.997418549238554763e-05,7.905147000439450677e-05,1.166143447047350401e+00,1.166302472702847259e+00,3.697912605209036485e+01,3.655247322492420636e+01,0.000000000000000000e+00,0.000000000000000000e+00,-4.506827746408865292e-07
1.118530884808013298e+03,6.954754771472165809e-02,9.727755953131304867e-02,4.844758512714049061e+02,2.635299283215184959e-02,2.635299283215184959e-02,7.967530353061998919e-05,7.876277726026391184e-05,1.166114375241147583e+00,1.166272813321938440e+00,3.684092653594927924e+01,3.641898508359708586e+01,0.000000000000000000e+00,0.000000000000000000e+00,-4.509587182149633212e-07
1.126878130217028456e+03,6.954378587083444307e-02,9.725603194999535295e-02,4.845151620554613601e+02,2.635156739231603665e-02,2.635156739231603665e-02,7.937974837776907077e-05,7.847722513806636678e-05,1.166085302115029254e+00,1.166243159088545145e+00,3.670426529725921228e+01,3.628694912904284564e+01,0.000000000000000000e+00,0.000000000000000000e+00,-4.506688976883510330e-07
1.135225375626043387e+03,6.954001542673189651e-02,9.723409418266772131e-02,4.845545680453783461e+02,2.635013869368217979e-02,2.635013869368217979e-02,7.908744855747821287e-05,7.819474723227832201e-05,1.166056202298084266e+00,1.166213484493874075e+00,3.656910928619151235e+01,3.615633465612569353e+01,0.000000000000000000e+00,0.000000000000000000e+00,-4.516992034850837207e-07
1.143572621035058546e+03,6.953624468908686795e-02,9.721233978871735015e-02,4.845939824456375504e+02,2.634870988381904713e-02,2.634870988381904713e-02,7.879835464652800575e-05,7.791529834647504974e-05,1.166027077470839668e+00,1.166183791123832858e+00,3.643543565002878637e+01,3.602712076654854201e+01,0.000000000000000000e+00,0.000000000000000000e+00,-4.517343698744136071e-07
1.151919866444073477e+03,6.953247377121009321e-02,9.719069072333852422e-02,4.846334040738566955e+02,2.634728100566240822e-02,2.634728100566240822e-02,7.851241648781986861e-05,7.763883248718228916e-05,1.165997937527748274e+00,1.166154088776723441e+00,3.630322119671650682e+01,3.589928619346795813e+01,0.000000000000000000e+00,0.000000000000000000e+00,-4.517559616376199623e-07
1.160267111853088636e+03,6.952870188799019358e-02,9.716907240032704451e-02,4.846728411411346542e+02,2.634585176171745646e-02,2.634585176171745646e-02,7.822956307469446818e-05,7.736528340877554864e-05,1.165968784425635008e+00,1.166124379272118539e+00,3.617243309360760861e+01,3.577280030568359592e+01,0.000000000000000000e+00,0.000000000000000000e+00,-4.518716097439684092e-07
1.168614357262103567e+03,6.952492673883998997e-02,9.714735294607478033e-02,4.847123177113652446e+02,2.634442128024449756e-02,2.634442128024449756e-02,7.794974737588300528e-05,7.709460795758887126e-05,1.165939613955262466e+00,1.166094658310595999e+00,3.604304959399462405e+01,3.564764314944607548e+01,0.000000000000000000e+00,0.000000000000000000e+00,-4.522628681943969488e-07
1.176961602671118499e+03,6.952114864874284206e-02,9.712558420676946358e-02,4.847518304004453285e+02,2.634298968438639893e-02,2.634298968438639893e-02,7.767290932022120984e-05,7.682675028278273307e-05,1.165910422903549515e+00,1.166064922563152528e+00,3.591504292167524426e+01,3.552378889998180256e+01,0.000000000000000000e+00,0.000000000000000000e+00,-4.526151936383250005e-07
1.185308848080133657e+03,6.951736836419107612e-02,9.710382060609730470e-02,4.847913714132419614e+02,2.634155725700441583e-02,2.634155725700441583e-02,7.739900222806122318e-05,7.656166740653088016e-05,1.165881211303722687e+00,1.166035171973357265e+00,3.578839149252739560e+01,3.540121768484762299e+01,0.000000000000000000e+00,0.000000000000000000e+00,-4.528780893015515832e-07
1.193656093489148589e+03,6.951358535244084313e-02,9.708202308824372129e-02,4.848309463336694307e+02,2.634012379623097699e-02,2.634012379623097699e-02,7.712797463031804274e-05,7.629931163962524771e-05,1.165851979149632012e+00,1.166005406435902003e+00,3.566307150784940916e+01,3.527990745311266352e+01,0.000000000000000000e+00,0.000000000000000000e+00,-4.532048076779172363e-07
1.202003338898163747e+03,6.950979895116790597e-02,9.706012070012522142e-02,4.848705621045324392e+02,2.633868905109783970e-02,2.633868905109783970e-02,7.685977254589358037e-05,7.603963278330895482e-05,1.165822728987061963e+00,1.165975628392390995e+00,3.553905800741419796e+01,3.515983499346007335e+01,0.000000000000000000e+00,0.000000000000000000e+00,-4.536108724978654094e-07
1.210350584307178679e+03,6.950601122979685464e-02,9.703822211856780178e-02,4.849101970852684644e+02,2.633725380575244190e-02,2.633725380575244190e-02,7.659434388218572644e-05,7.578258239051150879e-05,1.165793465747991586e+00,1.165945842674264155e+00,3.541632690421308638e+01,3.504097790453228356e+01,0.000000000000000000e+00,0.000000000000000000e+00,-4.537690202519535085e-07
1.218697829716193610e+03,6.950222341168098283e-02,9.701642393863482705e-02,4.849498384786820111e+02,2.633581852374844434e-02,2.633581852374844434e-02,7.633164927133288986e-05,7.552812426729491263e-05,1.165764188662901990e+00,1.165916048436440589e+00,3.529485999500828086e+01,3.492331945067656562e+01,0.000000000000000000e+00,0.000000000000000000e+00,-4.537806102814479984e-07
1.227045075125208768e+03,6.949843562898672111e-02,9.699480316786104894e-02,4.849894849027472787e+02,2.633438325516642212e-02,2.633438325516642212e-02,7.607164579695021504e-05,7.527621871967476595e-05,1.165734890058931050e+00,1.165886237923447810e+00,3.517463743576641377e+01,3.480684127785974624e+01,0.000000000000000000e+00,0.000000000000000000e+00,-4.537763667725469119e-07
1.235392320534223700e+03,6.949464034714127048e-02,9.697288426692808605e-02,4.850292152382556310e+02,2.633294514500214567e-02,2.633294514500214567e-02,7.581427229685076038e-05,7.502680830729101030e-05,1.165705561025086157e+00,1.165856402105690304e+00,3.505563094580908512e+01,3.469151682633255973e+01,0.000000000000000000e+00,0.000000000000000000e+00,-4.546747650849915055e-07
1.243739565943238858e+03,6.949084565937185820e-02,9.695099035049600800e-02,4.850689447783059336e+02,2.633150725994546498e-02,2.633150725994546498e-02,7.555949361966010668e-05,7.477986072721246882e-05,1.165676232547014912e+00,1.165826571901361852e+00,3.493782427155273496e+01,3.457733115959823067e+01,0.000000000000000000e+00,0.000000000000000000e+00,-4.546035947755832517e-07
1.252086811352253790e+03,6.948705152815115582e-02,9.692939109892396987e-02,4.851086739143706836e+02,2.633006958577651518e-02,2.633006958577651518e-02,7.530727381494028776e-05,7.453534284782572193e-05,1.165646873553650931e+00,1.165796716170313552e+00,3.482120078993621348e+01,3.446426895798702361e+01,0.000000000000000000e+00,0.000000000000000000e+00,-4.545369202401501360e-07
1.260434056761268948e+03,6.948324993683840933e-02,9.690731765725353608e-02,4.851484866062105539e+02,2.632862908482561798e-02,2.632862908482561798e-02,7.505755387759287538e-05,7.429319912662439801e-05,1.165617504500285229e+00,1.165766855253289380e+00,3.470573321769354891e+01,3.435230453929496264e+01,0.000000000000000000e+00,0.000000000000000000e+00,-4.554306392670220389e-07
1.268781302170283880e+03,6.947945146061523802e-02,9.688568223137260238e-02,4.851882721141373622e+02,2.632718976424607699e-02,2.632718976424607699e-02,7.481031454441956037e-05,7.405341249873698139e-05,1.165588110054349258e+00,1.165736973781392516e+00,3.459141264774762448e+01,3.424143001292546273e+01,0.000000000000000000e+00,0.000000000000000000e+00,-4.550574515359280337e-07
1.277128547579298811e+03,6.947564761647022358e-02,9.686367894071525042e-02,4.852281192956951372e+02,2.632574840965080931e-02,2.632574840965080931e-02,7.456549420560130319e-05,7.381592477891609394e-05,1.165558710944642806e+00,1.165707092363627240e+00,3.447821059244019182e+01,3.413161847470209409e+01,0.000000000000000000e+00,0.000000000000000000e+00,-4.557005285727357207e-07
1.285475792988313970e+03,6.947184142941358054e-02,9.684178900304042659e-02,4.852679964800034327e+02,2.632430616727825246e-02,2.632430616727825246e-02,7.432306455529431031e-05,7.358071002852894290e-05,1.165529277680108500e+00,1.165677181454692235e+00,3.436611396348083503e+01,3.402285793090504740e+01,0.000000000000000000e+00,0.000000000000000000e+00,-4.559812093858288832e-07
1.293823038397328901e+03,6.946803794143228961e-02,9.682014976736565137e-02,4.853078508427585689e+02,2.632286494764073115e-02,2.632286494764073115e-02,7.408298486828385015e-05,7.334773021288251162e-05,1.165499836919196675e+00,1.165647267634277728e+00,3.425510393000757858e+01,3.391513079473806158e+01,0.000000000000000000e+00,0.000000000000000000e+00,-4.556578601586587584e-07
1.302170283806344059e+03,6.946422889809833467e-02,9.679818569739395695e-02,4.853477688841268787e+02,2.632142162296609300e-02,2.632142162296609300e-02,7.384521055078790009e-05,7.311694349094698662e-05,1.165470384982893126e+00,1.165617347136934878e+00,3.414515987237826522e+01,3.380841771939932983e+01,0.000000000000000000e+00,0.000000000000000000e+00,-4.563233914077934426e-07
1.310517529215358991e+03,6.946041639494940356e-02,9.677619350873556403e-02,4.853877286637492716e+02,2.631997698729657276e-02,2.631997698729657276e-02,7.360971030638191535e-05,7.288832087912596120e-05,1.165440905636573099e+00,1.165587403667758704e+00,3.403626731949297834e+01,3.370270530321357683e+01,0.000000000000000000e+00,0.000000000000000000e+00,-4.567378772419523943e-07
1.318864774624373922e+03,6.945660302768065508e-02,9.675428637144320443e-02,4.854277029858870947e+02,2.631853202419432228e-02,2.631853202419432228e-02,7.337645093175207249e-05,7.266183150007327746e-05,1.165411407770260865e+00,1.165557446052692736e+00,3.392841091852857005e+01,3.359797926885782715e+01,0.000000000000000000e+00,0.000000000000000000e+00,-4.568413987960730054e-07
1.327212020033389081e+03,6.945278824299777609e-02,9.673240100327054614e-02,4.854676976565282303e+02,2.631708652400478049e-02,2.631708652400478049e-02,7.314540093318158448e-05,7.243744609435837718e-05,1.165381893949929859e+00,1.165527476796957451e+00,3.382157610715950824e+01,3.349422608711431337e+01,0.000000000000000000e+00,0.000000000000000000e+00,-4.570112050088958223e-07
1.335559265442404012e+03,6.944897169436418938e-02,9.671051032595029406e-02,4.855077163167304093e+02,2.631564035541811633e-02,2.631564035541811633e-02,7.291651183259311819e-05,7.221511886318292641e-05,1.165352364349542702e+00,1.165497495980238440e+00,3.371574046969101346e+01,3.339142458115546930e+01,0.000000000000000000e+00,0.000000000000000000e+00,-4.572225263036934643e-07
1.343906510851419171e+03,6.944515323612072966e-02,9.668860438957443959e-02,4.855477605028074777e+02,2.631419346324108746e-02,2.631419346324108746e-02,7.268976251360941790e-05,7.199483054080570111e-05,1.165322818876848521e+00,1.165467503469902910e+00,3.361089424215772681e+01,3.328956584272835073e+01,0.000000000000000000e+00,0.000000000000000000e+00,-4.574512975664673156e-07
1.352253756260434102e+03,6.944133302201069280e-02,9.666669287464821347e-02,4.855878286114378852e+02,2.631274590573019073e-02,2.631274590573019073e-02,7.246511607632755061e-05,7.177654649218993290e-05,1.165293257718294395e+00,1.165437499380862940e+00,3.350702036247701443e+01,3.318863385699788182e+01,0.000000000000000000e+00,0.000000000000000000e+00,-4.576616503824205921e-07
1.360601001669449033e+03,6.943751141000803484e-02,9.664480273932880838e-02,4.856279168959156891e+02,2.631129781852909605e-02,2.631129781852909605e-02,7.224253655924835692e-05,7.156023295280582121e-05,1.165263680811159830e+00,1.165407483580672032e+00,3.340410220247314044e+01,3.308861301164122182e+01,0.000000000000000000e+00,0.000000000000000000e+00,-4.578291179184286568e-07
1.368948247078464192e+03,6.943368896605216223e-02,9.662299701308169064e-02,4.856680194254890921e+02,2.630984941608385461e-02,2.630984941608385461e-02,7.202200189632888784e-05,7.134586962586575930e-05,1.165234085741768233e+00,1.165377453613290371e+00,3.330212955906646499e+01,3.298949392166165495e+01,0.000000000000000000e+00,0.000000000000000000e+00,-4.579287859135316095e-07
1.377295492487479123e+03,6.942986320063161687e-02,9.660116974949382873e-02,4.857081623285115484e+02,2.630839975506749778e-02,2.630839975506749778e-02,7.180347321182655243e-05,7.113341984110933174e-05,1.165204463664426315e+00,1.165347400557479318e+00,3.320108445656924800e+01,3.289125963116056539e+01,0.000000000000000000e+00,0.000000000000000000e+00,-4.583266973813389292e-07
1.385642737896494282e+03,6.942603182982690080e-02,9.657901128896524690e-02,4.857483695900662042e+02,2.630694797005606739e-02,2.630694797005606739e-02,7.158691584542392855e-05,7.092285098706583148e-05,1.165174830583860954e+00,1.165317340350693343e+00,3.310095086845694823e+01,3.279389506097609797e+01,0.000000000000000000e+00,0.000000000000000000e+00,-4.589982224049780753e-07
1.393989983305509213e+03,6.942220324618302019e-02,9.655710350161396394e-02,4.857885531440947489e+02,2.630549724115706367e-02,2.630549724115706367e-02,7.137230780868805051e-05,7.071414274001125867e-05,1.165145190816571752e+00,1.165287277267120558e+00,3.300171862753586538e+01,3.269739081365648303e+01,0.000000000000000000e+00,0.000000000000000000e+00,-4.586643205369024807e-07
1.402337228714524372e+03,6.941837246900954550e-02,9.653531450115436507e-02,4.858287652660666254e+02,2.630404568108469718e-02,2.630404568108469718e-02,7.115962485874147809e-05,7.050727255524380369e-05,1.165115517562096414e+00,1.165257184459510542e+00,3.290337652418360648e+01,3.260173646479583454e+01,0.000000000000000000e+00,0.000000000000000000e+00,-4.589271053822601203e-07
1.410684474123539303e+03,6.941453636441391462e-02,9.651315280899584736e-02,4.858690388702374321e+02,2.630259210234275197e-02,2.630259210234275197e-02,7.094881904947211064e-05,7.030219479819998282e-05,1.165085840313363930e+00,1.165227091327211806e+00,3.280590238867988262e+01,3.250691091350684303e+01,0.000000000000000000e+00,0.000000000000000000e+00,-4.595653305565851697e-07
1.419031719532554234e+03,6.941070346679407976e-02,9.649143125687184575e-02,4.859092843633351890e+02,2.630113973878974928e-02,2.630113973878974928e-02,7.073988753712451142e-05,7.009890767864396265e-05,1.165056138422976950e+00,1.165196977218192709e+00,3.270929490610550516e+01,3.241291333200544500e+01,0.000000000000000000e+00,0.000000000000000000e+00,-4.591811348562203932e-07
1.427378964941569393e+03,6.940686334597429008e-02,9.646923843156532397e-02,4.859496112722076759e+02,2.629968463821807240e-02,2.629968463821807240e-02,7.053278329711813472e-05,6.989736639454804132e-05,1.165026427789565222e+00,1.165166857939256895e+00,3.261353233284557263e+01,3.231972300435912615e+01,0.000000000000000000e+00,0.000000000000000000e+00,-4.600464742107966570e-07
1.435726210350584324e+03,6.940302370589787606e-02,9.644733052145419705e-02,4.859899387098927264e+02,2.629822971980991936e-02,2.629822971980991936e-02,7.032749347043830554e-05,6.969755935849594383e-05,1.164996687261672159e+00,1.165136712314501111e+00,3.251860872304240502e+01,3.222733457268239476e+01,0.000000000000000000e+00,0.000000000000000000e+00,-4.599888811544046787e-07
1.444073455759599483e+03,6.939918517136411946e-02,9.642547648344659827e-02,4.860302601117963377e+02,2.629677522031457007e-02,2.629677522031457007e-02,7.012398751597635998e-05,6.949945774965520374e-05,1.164966948305880212e+00,1.165106571751145959e+00,3.242450995484531262e+01,3.213573471056012210e+01,0.000000000000000000e+00,0.000000000000000000e+00,-4.598564371440332234e-07
1.452420701168614414e+03,6.939533907504599752e-02,9.640329666206347292e-02,4.860706665379208289e+02,2.629531785550396142e-02,2.629531785550396142e-02,6.992222738439990936e-05,6.930302540687984403e-05,1.164937181215431661e+00,1.165076406468222858e+00,3.233121843468894241e+01,3.204490669750222054e+01,0.000000000000000000e+00,0.000000000000000000e+00,-4.607623389110134374e-07
1.460767946577629345e+03,6.939149304102186500e-02,9.638129171755600855e-02,4.861110779084584124e+02,2.629386051429783225e-02,2.629386051429783225e-02,6.972220481657423095e-05,6.910825514558921619e-05,1.164907393211609632e+00,1.165046223671571735e+00,3.223873034364621049e+01,3.195484721144280726e+01,0.000000000000000000e+00,0.000000000000000000e+00,-4.607548760910819812e-07
1.469115191986644504e+03,6.938764685252460374e-02,9.635937744318241738e-02,4.861514965023301329e+02,2.629240311455865661e-02,2.629240311455865661e-02,6.952389500850309260e-05,6.891512365160107042e-05,1.164877592030775677e+00,1.165016031049435963e+00,3.214703421263995153e+01,3.186554547217724931e+01,0.000000000000000000e+00,0.000000000000000000e+00,-4.607733819718916372e-07
1.477462437395659435e+03,6.938379970046157363e-02,9.633748555197015062e-02,4.861919308256092336e+02,2.629094534970465025e-02,2.629094534970465025e-02,6.932726570038015004e-05,6.872360032317173344e-05,1.164847778623851582e+00,1.164985829489875169e+00,3.205611512511381278e+01,3.177698732981794549e+01,0.000000000000000000e+00,0.000000000000000000e+00,-4.608888171510113531e-07
1.485809682804674594e+03,6.937994986426844479e-02,9.631551994281641049e-02,4.862323989708252157e+02,2.628948656777866863e-02,2.628948656777866863e-02,6.913229383136447383e-05,6.853366349199111471e-05,1.164817949431333322e+00,1.164955615388656662e+00,3.196596241800523686e+01,3.168916276519225406e+01,0.000000000000000000e+00,0.000000000000000000e+00,-4.612103759368278322e-07
1.494156928213689525e+03,6.937609734964018948e-02,9.629350502855631155e-02,4.862729008909338404e+02,2.628802677093866266e-02,2.628802677093866266e-02,6.893895918954601036e-05,6.834529424289470848e-05,1.164788101728712943e+00,1.164925385982145345e+00,3.187656674556388836e+01,3.160206303214981105e+01,0.000000000000000000e+00,0.000000000000000000e+00,-4.615312524649913554e-07
1.502504173622704684e+03,6.937224233000023610e-02,9.627145593632165099e-02,4.863134347751554287e+02,2.628656602489832725e-02,2.628656602489832725e-02,6.874723515710011597e-05,6.815846739714124776e-05,1.164758235253383845e+00,1.164895140955938047e+00,3.178791580001963268e+01,3.151567648833575319e+01,0.000000000000000000e+00,0.000000000000000000e+00,-4.618313528664079071e-07
1.510851419031719615e+03,6.936838444294679551e-02,9.624933169092698970e-02,4.863540044468567203e+02,2.628510419233617834e-02,2.628510419233617834e-02,6.855709918493474832e-05,6.797316171768253399e-05,1.164728351594422229e+00,1.164864881855324885e+00,3.169999915493658449e+01,3.142999331398789664e+01,0.000000000000000000e+00,0.000000000000000000e+00,-4.621748690021878288e-07
1.519198664440734547e+03,6.936452484338746782e-02,9.622718213550666977e-02,4.863945977721306804e+02,2.628364171087041803e-02,2.628364171087041803e-02,6.836853255298182275e-05,6.778935967872172692e-05,1.164698454800614069e+00,1.164834612692845717e+00,3.161280815437466885e+01,3.134500540538318347e+01,0.000000000000000000e+00,0.000000000000000000e+00,-4.623800272074620664e-07
1.527545909849749705e+03,6.936066500867972551e-02,9.620510673806939583e-02,4.864351992182481581e+02,2.628217914030209906e-02,2.628217914030209906e-02,6.818151611079893118e-05,6.760704331605762790e-05,1.164668546022707529e+00,1.164804334582134393e+00,3.152633394339376238e+01,3.126070445608553783e+01,0.000000000000000000e+00,0.000000000000000000e+00,-4.624081979875219845e-07
1.535893155258764637e+03,6.935680522035071738e-02,9.618316239411450752e-02,4.864758058253505624e+02,2.628071658730762872e-02,2.628071658730762872e-02,6.799602759521779531e-05,6.742619161166648971e-05,1.164638621197857882e+00,1.164774043417064586e+00,3.144056622776578536e+01,3.117708074760710701e+01,0.000000000000000000e+00,0.000000000000000000e+00,-4.624026418151790651e-07
1.544240400667779795e+03,6.935294194551688829e-02,9.616121447348767448e-02,4.865164547695248416e+02,2.627925271320494943e-02,2.627925271320494943e-02,6.781204558046791489e-05,6.724678434412721716e-05,1.164608665892574502e+00,1.164743724722498985e+00,3.135549510046557486e+01,3.109412492979977571e+01,0.000000000000000000e+00,0.000000000000000000e+00,-4.628203250927174693e-07
1.552587646076794726e+03,6.934907378318937166e-02,9.613893453842396741e-02,4.865571608113299931e+02,2.627778698713062466e-02,2.627778698713062466e-02,6.762954070737879967e-05,6.706879353514625948e-05,1.164578705455929120e+00,1.164713403790171631e+00,3.127110698615679141e+01,3.101182406582852380e+01,0.000000000000000000e+00,0.000000000000000000e+00,-4.634058468364978801e-07
1.560934891485809658e+03,6.934520986603677495e-02,9.611706369292088992e-02,4.865978278469783618e+02,2.627632286964018751e-02,2.627632286964018751e-02,6.744851117843310092e-05,6.689221806877062421e-05,1.164548732812277887e+00,1.164683073541525227e+00,3.118740105368848603e+01,3.093017763968977007e+01,0.000000000000000000e+00,0.000000000000000000e+00,-4.628972748810907727e-07
1.569282136894824816e+03,6.934133726474349391e-02,9.609480741467507636e-02,4.866385919660813215e+02,2.627485546155065507e-02,2.627485546155065507e-02,6.726891939081653727e-05,6.671702188943708610e-05,1.164518729172453915e+00,1.164652715113734249e+00,3.110435991596004257e+01,3.084916897971365302e+01,0.000000000000000000e+00,0.000000000000000000e+00,-4.639376349350613797e-07
1.577629382303839748e+03,6.933746981453255132e-02,9.607290991093220267e-02,4.866793075439749714e+02,2.627339000531191820e-02,2.627339000531191820e-02,6.709076180755887216e-05,6.654320215370207914e-05,1.164488726639464122e+00,1.164622360603425388e+00,3.102198193751788224e+01,3.076879677112519573e+01,0.000000000000000000e+00,0.000000000000000000e+00,-4.633205352709276480e-07
1.585976627712854906e+03,6.933359363291417832e-02,9.605061942205249392e-02,4.867201207411505948e+02,2.627192124056374617e-02,2.627192124056374617e-02,6.691400251617066555e-05,6.637072441596013708e-05,1.164458693535549871e+00,1.164591978262482064e+00,3.094025051284779337e+01,3.068904508668014941e+01,0.000000000000000000e+00,0.000000000000000000e+00,-4.643665578810777155e-07
1.594323873121869838e+03,6.932972151264910066e-02,9.602873160635612415e-02,4.867608968711326156e+02,2.627045401474567207e-02,2.627045401474567207e-02,6.673864466571771019e-05,6.619959232851403111e-05,1.164428647452606658e+00,1.164561585689600998e+00,3.085916709804089209e+01,3.060991561516049586e+01,0.000000000000000000e+00,0.000000000000000000e+00,-4.638800077563090161e-07
1.602671118530884996e+03,6.932584512408403177e-02,9.600654657406364201e-02,4.868017236525582234e+02,2.626898517158115370e-02,2.626898517158115370e-02,6.656465039257388546e-05,6.602976950662992593e-05,1.164398597445089001e+00,1.164531191864988102e+00,3.077871418540022219e+01,3.053139153269176020e+01,0.000000000000000000e+00,0.000000000000000000e+00,-4.643913500952454848e-07
1.611018363939899928e+03,6.932196480779262426e-02,9.598432241636249695e-02,4.868425975176639895e+02,2.626751484012053092e-02,2.626751484012053092e-02,6.639200786699963794e-05,6.586124495505363524e-05,1.164368517230943922e+00,1.164500770483765990e+00,3.069888630499287530e+01,3.045346775519727345e+01,0.000000000000000000e+00,0.000000000000000000e+00,-4.648618917106241927e-07
1.619365609348914859e+03,6.931808448623930086e-02,9.596222848799222660e-02,4.868834771584236591e+02,2.626604450666605861e-02,2.626604450666605861e-02,6.622070557240513473e-05,6.569400797229832964e-05,1.164338420648301398e+00,1.164470335361846187e+00,3.061967813168268293e+01,3.037613933443494219e+01,0.000000000000000000e+00,0.000000000000000000e+00,-4.648625220881493802e-07
1.627712854757930018e+03,6.931420380274994075e-02,9.594020234666228442e-02,4.869243663343738149e+02,2.626457403606660343e-02,2.626457403606660343e-02,6.605072672173279195e-05,6.552804269890838754e-05,1.164308311752827008e+00,1.164439890522247723e+00,3.054108190333096573e+01,3.029939893717837407e+01,0.000000000000000000e+00,0.000000000000000000e+00,-4.649058820253329980e-07
1.636060100166944949e+03,6.931032166137029993e-02,9.591816835115775375e-02,4.869652765982842766e+02,2.626310301304260117e-02,2.626310301304260117e-02,6.588204613985960988e-05,6.536332507000042213e-05,1.164278189870930680e+00,1.164409435242140578e+00,3.046308597925591144e+01,3.022323543610753305e+01,0.000000000000000000e+00,0.000000000000000000e+00,-4.650805372809759911e-07
1.644407345575960107e+03,6.930643690397252088e-02,9.589606943864306676e-02,4.870062201647245956e+02,2.626163099875565912e-02,2.626163099875565912e-02,6.571465105057089134e-05,6.519984311287546457e-05,1.164248051703364206e+00,1.164378966197527676e+00,3.038568445188558442e+01,3.014764329518673591e+01,0.000000000000000000e+00,0.000000000000000000e+00,-4.653939362539225288e-07
1.652754590984975039e+03,6.930254950763828359e-02,9.587391828673379190e-02,4.870471972880101248e+02,2.626015798452153646e-02,2.626015798452153646e-02,6.554852587549710933e-05,6.503758210615003302e-05,1.164217895621707299e+00,1.164348481729688967e+00,3.030887011796449926e+01,3.007261570742080536e+01,0.000000000000000000e+00,0.000000000000000000e+00,-4.657100808416328259e-07
1.661101836393989970e+03,6.929865942444526916e-02,9.585170429375118595e-02,4.870882084862277566e+02,2.625868395218149479e-02,2.625868395218149479e-02,6.538365476248805071e-05,6.487652704834719238e-05,1.164187722410777059e+00,1.164317982592587786e+00,3.023263564764419087e+01,2.999814573630262160e+01,0.000000000000000000e+00,0.000000000000000000e+00,-4.660319665231335133e-07
1.669449081803005129e+03,6.929476735059972303e-02,9.582945162544505291e-02,4.871292464311340495e+02,2.625720916554236464e-02,2.625720916554236464e-02,6.522001755058951054e-05,6.471665871563224675e-05,1.164157535190163628e+00,1.164287471866429780e+00,3.015697171873571492e+01,2.992422449295634124e+01,0.000000000000000000e+00,0.000000000000000000e+00,-4.662704466964187719e-07
1.677796327212020060e+03,6.929087470094000278e-02,9.580724726037967431e-02,4.871702962115342075e+02,2.625573416071543334e-02,2.625573416071543334e-02,6.505760689874195231e-05,6.455797039669641422e-05,1.164127336049204375e+00,1.164256951626499781e+00,3.008187493681919733e+01,2.985084887415143129e+01,0.000000000000000000e+00,0.000000000000000000e+00,-4.663394292344910383e-07
1.686143572621035219e+03,6.928698190585619310e-02,9.578514147927191802e-02,4.872113532915024621e+02,2.625425910078432387e-02,2.625425910078432387e-02,6.489640639786328866e-05,6.440044651021055336e-05,1.164097122948843044e+00,1.164226419801751122e+00,3.000733771452739163e+01,2.977801167526391879e+01,0.000000000000000000e+00,0.000000000000000000e+00,-4.663568510403928974e-07
1.694490818030050150e+03,6.928308827938070569e-02,9.576318495984922907e-02,4.872524249092033983e+02,2.625278372582185230e-02,2.625278372582185230e-02,6.473639645319004504e-05,6.424406834910976853e-05,1.164066884433375471e+00,1.164195864898177835e+00,2.993335099147131828e+01,2.970570424636624196e+01,0.000000000000000000e+00,0.000000000000000000e+00,-4.664564517633970195e-07
1.702838063439065081e+03,6.927918667254860663e-02,9.574077068733644058e-02,4.872935864956780279e+02,2.625130532693851701e-02,2.625130532693851701e-02,6.457756171269399259e-05,6.408882134009576245e-05,1.164036628731635048e+00,1.164165295114687915e+00,2.985990766905306160e+01,2.963391984893607756e+01,0.000000000000000000e+00,0.000000000000000000e+00,-4.674124984854724174e-07
1.711185308848080240e+03,6.927528895514252494e-02,9.571864270093266569e-02,4.873347128360755960e+02,2.624982840183850627e-02,2.624982840183850627e-02,6.441989129805900690e-05,6.393469527196348466e-05,1.164006371853468780e+00,1.164134726440038792e+00,2.978700271726674842e+01,2.956265376143188917e+01,0.000000000000000000e+00,0.000000000000000000e+00,-4.669465452485791258e-07
1.719532554257095171e+03,6.927138701646183561e-02,9.569650355459999314e-02,4.873758895114506799e+02,2.624834987721092958e-02,2.624834987721092958e-02,6.426337060309772107e-05,6.378167627964168040e-05,1.163976079122815310e+00,1.164104124169698107e+00,2.971462938238251539e+01,2.949189957280723107e+01,0.000000000000000000e+00,0.000000000000000000e+00,-4.674522539465872049e-07
1.727879799666110330e+03,6.926748425995507552e-02,9.567424436112324793e-02,4.874170806180036948e+02,2.624687104269227481e-02,2.624687104269227481e-02,6.410798160090277564e-05,6.362974714269262742e-05,1.163945791368260263e+00,1.164073529097003901e+00,2.964277932896968437e+01,2.942164932053352189e+01,0.000000000000000000e+00,0.000000000000000000e+00,-4.675502295098507416e-07
1.736227045075125261e+03,6.926357839984859099e-02,9.565205672153533067e-02,4.874583102905094165e+02,2.624539103215600341e-02,2.624539103215600341e-02,6.395372054217958110e-05,6.347890459076559286e-05,1.163915467845201279e+00,1.164042900470334319e+00,2.957145082339838282e+01,2.935190149243891966e+01,0.000000000000000000e+00,0.000000000000000000e+00,-4.679220407568515321e-07
1.744574290484140420e+03,6.925967488770977398e-02,9.562999036038752343e-02,4.874995209858725502e+02,2.624391191131286022e-02,2.624391191131286022e-02,6.380056814323209176e-05,6.332913015517696305e-05,1.163885148777887402e+00,1.164012278476185935e+00,2.950063494911356798e+01,2.928264754882057375e+01,0.000000000000000000e+00,0.000000000000000000e+00,-4.676407542302704656e-07
1.752921535893155351e+03,6.925576355768073289e-02,9.560758695122219264e-02,4.875408200418505658e+02,2.624242982811069574e-02,2.624242982811069574e-02,6.364850736417021948e-05,6.318040754983055484e-05,1.163854800229400022e+00,1.163981629144314134e+00,2.943032382706977401e+01,2.921387995917849523e+01,0.000000000000000000e+00,0.000000000000000000e+00,-4.685773374791282688e-07
1.761268781302170282e+03,6.925185336343657461e-02,9.558541782089631511e-02,4.875821129342202767e+02,2.624094817528073095e-02,2.624094817528073095e-02,6.349753081342090642e-05,6.303272991567934649e-05,1.163824433257051982e+00,1.163950963517780934e+00,2.936051403949025129e+01,2.914559555196972340e+01,0.000000000000000000e+00,0.000000000000000000e+00,-4.684412704501674975e-07
1.769616026711185441e+03,6.924794444975299057e-02,9.556338771400393894e-02,4.876233981298533422e+02,2.623946700768144472e-02,2.623946700768144472e-02,6.334762521417347146e-05,6.288608462928241695e-05,1.163794059790522306e+00,1.163920293500365633e+00,2.929119944733335146e+01,2.907778849026312784e+01,0.000000000000000000e+00,0.000000000000000000e+00,-4.682878592933601028e-07
1.777963272120200372e+03,6.924403141120194505e-02,9.554113870476221848e-02,4.876647327273572046e+02,2.623798427708524256e-02,2.623798427708524256e-02,6.319877188963201914e-05,6.274045377472226449e-05,1.163763674582766416e+00,1.163889613808430701e+00,2.922237141466754906e+01,2.901045048994843256e+01,0.000000000000000000e+00,0.000000000000000000e+00,-4.687820184152588629e-07
1.786310517529215531e+03,6.924011498177458368e-02,9.551880766423484492e-02,4.877061089913410683e+02,2.623650026161642584e-02,2.623650026161642584e-02,6.305096358292920124e-05,6.259583059936608019e-05,1.163733268424911316e+00,1.163858915219093459e+00,2.915402658600243058e+01,2.894357842868737762e+01,0.000000000000000000e+00,0.000000000000000000e+00,-4.691882453978843246e-07
1.794657762938230462e+03,6.923619739078108737e-02,9.549652891255783205e-02,4.877475033809625415e+02,2.623501580600636623e-02,2.623501580600636623e-02,6.290418624833533695e-05,6.245220170060254076e-05,1.163702844977533735e+00,1.163828201365482595e+00,2.908615846675720817e+01,2.887716610926956307e+01,0.000000000000000000e+00,0.000000000000000000e+00,-4.693274010208634041e-07
1.803005008347245393e+03,6.923227867409889602e-02,9.547428642728487957e-02,4.877889155234177565e+02,2.623353092384976548e-02,2.623353092384976548e-02,6.275843070637694720e-05,6.230955842940305003e-05,1.163672406342352472e+00,1.163797474331488280e+00,2.901876281245094091e+01,2.881120953248553462e+01,0.000000000000000000e+00,0.000000000000000000e+00,-4.694622585265287113e-07
1.811352253756260552e+03,6.922835884270256424e-02,9.545208167337854155e-02,4.878303453089162076e+02,2.623204561930510270e-02,2.623204561930510270e-02,6.261368715152873022e-05,6.216789151700827752e-05,1.163641952449706363e+00,1.163766734028374827e+00,2.895183508912365156e+01,2.874570441256961573e+01,0.000000000000000000e+00,0.000000000000000000e+00,-4.695958012805403672e-07
1.819699499165275483e+03,6.922443779887584026e-02,9.542992840352844397e-02,4.878717937766327282e+02,2.623055985534568715e-02,2.623055985534568715e-02,6.246993729242691462e-05,6.202718338086922684e-05,1.163611480939596987e+00,1.163735978060270293e+00,2.888536683906310998e+01,2.868064261955721861e+01,0.000000000000000000e+00,0.000000000000000000e+00,-4.697410504415380724e-07
1.828046744574290642e+03,6.922051298057725621e-02,9.540766297805609863e-02,4.879132880216919830e+02,2.622907266116144068e-02,2.622907266116144068e-02,6.232717352147911503e-05,6.188742688748044172e-05,1.163580988615222189e+00,1.163705203215630979e+00,2.881935454460775148e+01,2.861602085499902870e+01,0.000000000000000000e+00,0.000000000000000000e+00,-4.701932321703608001e-07
1.836393989983305573e+03,6.921658459266502583e-02,9.538520587515558757e-02,4.879548258959528653e+02,2.622758411437733916e-02,2.622758411437733916e-02,6.218538041372710505e-05,6.174860724350655580e-05,1.163550486092372660e+00,1.163674420080029970e+00,2.875379107343769292e+01,2.855183227863015105e+01,0.000000000000000000e+00,0.000000000000000000e+00,-4.706208718852048026e-07
1.844741235392320732e+03,6.921265766861743607e-02,9.536290571760200341e-02,4.879963541824742492e+02,2.622609612228158499e-02,2.622609612228158499e-02,6.204455238089909600e-05,6.161071927855380642e-05,1.163519976622583663e+00,1.163643631894243136e+00,2.868867384160154543e+01,2.848807449972111527e+01,0.000000000000000000e+00,0.000000000000000000e+00,-4.704455009012461947e-07
1.853088480801335663e+03,6.920873172602429180e-02,9.534084783439242261e-02,4.880378779785423262e+02,2.622460850207905536e-02,2.622460850207905536e-02,6.190468255206552203e-05,6.147375656110232612e-05,1.163489446613709122e+00,1.163612825052822375e+00,2.862399967206200202e+01,2.842474454441250487e+01,0.000000000000000000e+00,0.000000000000000000e+00,-4.703279226586890135e-07
1.861435726210350595e+03,6.920479727512704460e-02,9.531836776391039434e-02,4.880794976732810824e+02,2.622311765790552932e-02,2.622311765790552932e-02,6.176574664327779253e-05,6.133769560068486667e-05,1.163458890681738911e+00,1.163581994123982888e+00,2.855975733620586610e+01,2.836183155098758490e+01,0.000000000000000000e+00,0.000000000000000000e+00,-4.713472174902197475e-07
1.869782971619365753e+03,6.920086658738593133e-02,9.529612517618220313e-02,4.881210834676999752e+02,2.622162823966907655e-02,2.622162823966907655e-02,6.162774393218313366e-05,6.120253597237808015e-05,1.163428338130513273e+00,1.163551168410417835e+00,2.849594650002565999e+01,2.829933532296677967e+01,0.000000000000000000e+00,0.000000000000000000e+00,-4.708963913853622441e-07
1.878130217028380684e+03,6.919693085435517366e-02,9.527381458866802932e-02,4.881627285572474193e+02,2.622013690966885219e-02,2.622013690966885219e-02,6.149066335244180630e-05,6.106826711594532146e-05,1.163397749106713785e+00,1.163520308037182316e+00,2.843256204657560460e+01,2.823725097742043033e+01,0.000000000000000000e+00,0.000000000000000000e+00,-4.715008170847742924e-07
1.886477462437395843e+03,6.919299695825645302e-02,9.525156863409962871e-02,4.882043601276280924e+02,2.621864627571986878e-02,2.621864627571986878e-02,6.135449573280590222e-05,6.093488032092411099e-05,1.163367166625103533e+00,1.163489456001157274e+00,2.836959973517815570e+01,2.817557448673278131e+01,0.000000000000000000e+00,0.000000000000000000e+00,-4.712807526267245451e-07
1.894824707846410774e+03,6.918905664133741251e-02,9.522913563617045607e-02,4.882460655803761824e+02,2.621715320879032529e-02,2.621715320879032529e-02,6.121922544283204355e-05,6.080236054281110624e-05,1.163336549407154585e+00,1.163458570993140206e+00,2.830705233849948144e+01,2.811429889450180397e+01,0.000000000000000000e+00,0.000000000000000000e+00,-4.720499669010583803e-07
1.903171953255425706e+03,6.918512022215193846e-02,9.520704879359000172e-02,4.882877357078141927e+02,2.621566161879200496e-02,2.621566161879200496e-02,6.108485045088578032e-05,6.067070605310224859e-05,1.163305924586899298e+00,1.163427680143403364e+00,2.824491891713562808e+01,2.805342340148748548e+01,0.000000000000000000e+00,0.000000000000000000e+00,-4.715830184197963916e-07
1.911519198664440864e+03,6.918117872634751975e-02,9.518462248095327372e-02,4.883294655144480885e+02,2.621416810515859661e-02,2.621416810515859661e-02,6.095135134154858696e-05,6.053989808593461031e-05,1.163275293357209250e+00,1.163396784606636869e+00,2.818319049362461826e+01,2.799293933057474959e+01,0.000000000000000000e+00,0.000000000000000000e+00,-4.721911973693545361e-07
1.919866444073455796e+03,6.917723391727256810e-02,9.516218078683200132e-02,4.883712363513344030e+02,2.621267333605900585e-02,2.621267333605900585e-02,6.081872619584072464e-05,6.040993501226554004e-05,1.163244634306170422e+00,1.163365862967378650e+00,2.812186618065271659e+01,2.793284592851336612e+01,0.000000000000000000e+00,0.000000000000000000e+00,-4.725881271792129087e-07
1.928213689482470954e+03,6.917328881937431784e-02,9.513984573471949424e-02,4.884130162025152799e+02,2.621117845751834083e-02,2.621117845751834083e-02,6.068696083952312682e-05,6.028080318913751938e-05,1.163213959231840011e+00,1.163334926995868601e+00,2.806093942421790643e+01,2.787313688695967784e+01,0.000000000000000000e+00,0.000000000000000000e+00,-4.726227282103736579e-07
1.936560934891485886e+03,6.916934284842322922e-02,9.511754759952600891e-02,4.884548112589895936e+02,2.620968324816003864e-02,2.620968324816003864e-02,6.055604841179991298e-05,6.015249613464201901e-05,1.163183271015868492e+00,1.163303979560414758e+00,2.800040705196857616e+01,2.781380920875514917e+01,0.000000000000000000e+00,0.000000000000000000e+00,-4.727273199404217055e-07
1.944908180300500817e+03,6.916539537201631116e-02,9.509524268036685657e-02,4.884966282256428372e+02,2.620818746835363103e-02,2.620818746835363103e-02,6.042598166502573492e-05,6.002500698305540531e-05,1.163152569221153509e+00,1.163273020209801611e+00,2.794026571267846748e+01,2.775485971926963913e+01,0.000000000000000000e+00,0.000000000000000000e+00,-4.729076735487889343e-07
1.953255425709515976e+03,6.916144577567223672e-02,9.507289560756555791e-02,4.885384736212973280e+02,2.620669088525954399e-02,2.620669088525954399e-02,6.029674827614167821e-05,5.989832388851223710e-05,1.163121852625780939e+00,1.163242047697945480e+00,2.788050970830956743e+01,2.769628294111381095e+01,0.000000000000000000e+00,0.000000000000000000e+00,-4.731616420201097901e-07
1.961602671118530907e+03,6.915749403704808673e-02,9.505050504869964889e-02,4.885803476935374192e+02,2.620519349041157409e-02,2.620519349041157409e-02,6.016833921094038711e-05,5.977243822321644565e-05,1.163091121185090060e+00,1.163211061962524218e+00,2.782113486155027360e+01,2.763807488489587527e+01,0.000000000000000000e+00,0.000000000000000000e+00,-4.734182871731743442e-07
1.969949916527546065e+03,6.915354074845027343e-02,9.502810465524709482e-02,4.886222441756460171e+02,2.620369550824678401e-02,2.620369550824678401e-02,6.004074902339122480e-05,5.964734487236618584e-05,1.163060376121203721e+00,1.163180064215099563e+00,2.776213865421985361e+01,2.758023318559141046e+01,0.000000000000000000e+00,0.000000000000000000e+00,-4.736039740180255182e-07
1.978297161936560997e+03,6.914958656374632640e-02,9.500573850812421561e-02,4.886641561447674462e+02,2.620219718652899363e-02,2.620219718652899363e-02,5.991396756237766488e-05,5.952303410372634571e-05,1.163029618015661182e+00,1.163149055017327349e+00,2.770351639256099574e+01,2.752275334312896149e+01,0.000000000000000000e+00,0.000000000000000000e+00,-4.737113275328606128e-07
1.986644407345576155e+03,6.914563206071343282e-02,9.498347258459025055e-02,4.887060774807716257e+02,2.620069874418982925e-02,2.620069874418982925e-02,5.978798832022259939e-05,5.939949975259607506e-05,1.162998844375190854e+00,1.163118031863263679e+00,2.764526506750008039e+01,2.746563250702310910e+01,0.000000000000000000e+00,0.000000000000000000e+00,-4.737494633406426919e-07
1.994991652754591087e+03,6.914167482349595217e-02,9.496122977419199640e-02,4.887480338020715749e+02,2.619919926581203151e-02,2.619919926581203151e-02,5.966279825176687104e-05,5.927672923878018075e-05,1.162968043484296832e+00,1.163086983011787590e+00,2.758737864710840171e+01,2.740886486033904390e+01,0.000000000000000000e+00,0.000000000000000000e+00,-4.740770186541868416e-07
2.003338898163606018e+03,6.913771178597009903e-02,9.493860889182872964e-02,4.887900576376517279e+02,2.619769758957837466e-02,2.619769758957837466e-02,5.953838618303024103e-05,5.915471181122559984e-05,1.162937234252729546e+00,1.163055927350723717e+00,2.752985196466846318e+01,2.735244543191582522e+01,0.000000000000000000e+00,0.000000000000000000e+00,-4.747718955972116976e-07
2.011686143572621177e+03,6.913375269717297877e-02,9.491632184948009532e-02,4.888320456146716424e+02,2.619619740959905352e-02,2.619619740959905352e-02,5.941475243392292503e-05,5.903344798746358130e-05,1.162906419342696340e+00,1.163024867543117846e+00,2.747268516810299843e+01,2.729637446105384768e+01,0.000000000000000000e+00,0.000000000000000000e+00,-4.742988378949993330e-07
2.020033388981636108e+03,6.912978798552875392e-02,9.489391058440165005e-02,4.888740992491659654e+02,2.619469509900759774e-02,2.619469509900759774e-02,5.929188855018104309e-05,5.891292967626630988e-05,1.162875569288685185e+00,1.162993774106911626e+00,2.741587434825947511e+01,2.724064820646418994e+01,0.000000000000000000e+00,0.000000000000000000e+00,-4.749724549781423503e-07
2.028380634390651267e+03,6.912582410410474110e-02,9.487148739720095703e-02,4.889161501056855741e+02,2.619319310300360915e-02,2.619319310300360915e-02,5.916978164662249748e-05,5.879314443510885637e-05,1.162844725850824323e+00,1.162962688776906006e+00,2.735941354718071139e+01,2.718526091486916485e+01,0.000000000000000000e+00,0.000000000000000000e+00,-4.748729945967291242e-07
2.036727879799666198e+03,6.912185614743464324e-02,9.484906576869296668e-02,4.889582502325117161e+02,2.619168956280526483e-02,2.619168956280526483e-02,5.904842720413481410e-05,5.867408802366790477e-05,1.162813846266833373e+00,1.162931568782061165e+00,2.730330067528205973e+01,2.713021062559296226e+01,0.000000000000000000e+00,0.000000000000000000e+00,-4.753612090777290715e-07
2.045075125208681129e+03,6.911789120924903551e-02,9.482681331756605270e-02,4.890003243685961820e+02,2.619018716637262767e-02,2.619018716637262767e-02,5.892781668893754660e-05,5.855575225939826462e-05,1.162782971553389721e+00,1.162900455122338084e+00,2.724753178664346365e+01,2.707549355512259126e+01,0.000000000000000000e+00,0.000000000000000000e+00,-4.749995946358107909e-07
2.053422370617696288e+03,6.911391822081501546e-02,9.480419119772591496e-02,4.890424899830529739e+02,2.618868171953568982e-02,2.618868171953568982e-02,5.880793853927967417e-05,5.843812598424502104e-05,1.162752068557183716e+00,1.162869314621707284e+00,2.719210153524675633e+01,2.702110454410422946e+01,0.000000000000000000e+00,0.000000000000000000e+00,-4.759640143955947049e-07
2.061769616026711446e+03,6.910994647754056808e-02,9.478181419649726880e-02,4.890846484398150551e+02,2.618717674451526145e-02,2.618717674451526145e-02,5.868879142658476065e-05,5.832120807711927525e-05,1.162721147066188898e+00,1.162838157065692712e+00,2.713700930677376633e+01,2.696704307415951618e+01,0.000000000000000000e+00,0.000000000000000000e+00,-4.758148442787886847e-07
2.070116861435726150e+03,6.910597615107526293e-02,9.475958070214557383e-02,4.891267979120203790e+02,2.618567230635289109e-02,2.618567230635289109e-02,5.857036721136698270e-05,5.820499073068509984e-05,1.162690219843774297e+00,1.162806995201716376e+00,2.708225133762164205e+01,2.691330553526782055e+01,0.000000000000000000e+00,0.000000000000000000e+00,-4.756451105435755031e-07
2.078464106844741309e+03,6.910200164967061909e-02,9.473711850946572866e-02,4.891689977698863458e+02,2.618416628622033740e-02,2.618416628622033740e-02,5.845265473452956813e-05,5.808946316991247025e-05,1.162659281231054109e+00,1.162775823348958459e+00,2.702782246795483090e+01,2.685988694518154318e+01,0.000000000000000000e+00,0.000000000000000000e+00,-4.761452682763241429e-07
2.086811352253756468e+03,6.909802387472223362e-02,9.471457938526667286e-02,4.892112384609885680e+02,2.618265902567489326e-02,2.618265902567489326e-02,5.833565107136708333e-05,5.797462269738818438e-05,1.162628321924142671e+00,1.162744632197911354e+00,2.697372134542381517e+01,2.680678605664843772e+01,0.000000000000000000e+00,0.000000000000000000e+00,-4.765374388165717646e-07
2.095158597662771172e+03,6.909404502950645954e-02,9.469209495348607231e-02,4.892534965995282050e+02,2.618115135958317893e-02,2.618115135958317893e-02,5.821934401323498512e-05,5.786045750000800257e-05,1.162597345828639828e+00,1.162713425630153230e+00,2.691994232489444272e+01,2.675399740742755128e+01,0.000000000000000000e+00,0.000000000000000000e+00,-4.766656568497524104e-07
2.103505843071786330e+03,6.909006512485883766e-02,9.466964724173228263e-02,4.892957720765345471e+02,2.617964329205099347e-02,2.617964329205099347e-02,5.810373261732678523e-05,5.774696681923926350e-05,1.162566355035656862e+00,1.162682205735093399e+00,2.686648497042405026e+01,2.670152064678227788e+01,0.000000000000000000e+00,0.000000000000000000e+00,-4.767925767850935013e-07
2.111853088480801489e+03,6.908608417538551760e-02,9.464723846550081310e-02,4.893380647429133887e+02,2.617813482861292007e-02,2.617813482861292007e-02,5.798880873478130663e-05,5.763414282017667589e-05,1.162535349424527409e+00,1.162650972376082503e+00,2.681334551407473299e+01,2.664935215194423179e+01,0.000000000000000000e+00,0.000000000000000000e+00,-4.769177469037357029e-07
2.120200333889816648e+03,6.908210207580035844e-02,9.462488333732639589e-02,4.893803757234672389e+02,2.617662592937386457e-02,2.617662592937386457e-02,5.787456182202547496e-05,5.752197531295604886e-05,1.162504326478973837e+00,1.162619723016108830e+00,2.676051908062187223e+01,2.659748721123964543e+01,0.000000000000000000e+00,0.000000000000000000e+00,-4.770555303020597802e-07
2.128547579298831351e+03,6.907811612057040973e-02,9.460240587017379466e-02,4.894227337780105813e+02,2.617511556915189802e-02,2.617511556915189802e-02,5.776098690572493060e-05,5.741045957278687051e-05,1.162473282966532073e+00,1.162588454413010508e+00,2.670800337045395523e+01,2.654592363998075655e+01,0.000000000000000000e+00,0.000000000000000000e+00,-4.775174365478740595e-07
2.136894824707846510e+03,6.907412681371308261e-02,9.457974178114875174e-02,4.894651335682434024e+02,2.617360393892953843e-02,2.617360393892953843e-02,5.764807598175571894e-05,5.729958789595095717e-05,1.162442230245523511e+00,1.162557177909401274e+00,2.665579468255787177e+01,2.649465787605856804e+01,0.000000000000000000e+00,0.000000000000000000e+00,-4.779189615077818229e-07
2.145242070116861669e+03,6.907013915420044670e-02,9.455724700282520934e-02,4.895075219684468379e+02,2.617209293291988814e-02,2.617209293291988814e-02,5.753582647031859140e-05,5.718935790209245446e-05,1.162411170886417766e+00,1.162525896070790044e+00,2.660389182406468578e+01,2.644368881882443389e+01,0.000000000000000000e+00,0.000000000000000000e+00,-4.777216096137743993e-07
2.153589315525876373e+03,6.906615235723771729e-02,9.453500051533211823e-02,4.895499073163667845e+02,2.617058225374809324e-02,2.617058225374809324e-02,5.742423244242456554e-05,5.707976391954637470e-05,1.162380089544552852e+00,1.162494593540914778e+00,2.655229205347938048e+01,2.639301384576693366e+01,0.000000000000000000e+00,0.000000000000000000e+00,-4.776182761350018095e-07
2.161936560934891531e+03,6.906215684197145044e-02,9.451227997385908131e-02,4.895923914894958102e+02,2.616906827103219688e-02,2.616906827103219688e-02,5.731328123457765710e-05,5.697079365924427336e-05,1.162348985687037040e+00,1.162463269761930817e+00,2.650098951534983627e+01,2.634262727456485464e+01,0.000000000000000000e+00,0.000000000000000000e+00,-4.786627288987605831e-07
2.170283806343906690e+03,6.905816606524337042e-02,9.448988725017801182e-02,4.896348314121195244e+02,2.616755608384565765e-02,2.616755608384565765e-02,5.720297420694886155e-05,5.686244860213758644e-05,1.162317883649848893e+00,1.162431949072658011e+00,2.644998483860317506e+01,2.629252978999277701e+01,0.000000000000000000e+00,0.000000000000000000e+00,-4.780950520239780972e-07
2.178631051752921849e+03,6.905416870622138603e-02,9.446729929938477155e-02,4.896773474811449773e+02,2.616604140249289071e-02,2.616604140249289071e-02,5.709330058268953392e-05,5.675471830593548984e-05,1.162286746139079341e+00,1.162400594157968037e+00,2.639927304015089149e+01,2.624271656365781524e+01,0.000000000000000000e+00,0.000000000000000000e+00,-4.788836108337225954e-07
2.186978297161936553e+03,6.905017535494006875e-02,9.444495333579996932e-02,4.897198270677263849e+02,2.616452823975530181e-02,2.616452823975530181e-02,5.698425633352486984e-05,5.664759895393528560e-05,1.162255613833483192e+00,1.162369245688770647e+00,2.634885225736593384e+01,2.619318583076137585e+01,0.000000000000000000e+00,0.000000000000000000e+00,-4.784034835018286707e-07
2.195325542570951711e+03,6.904617383733298308e-02,9.442224347910625759e-02,4.897623996852980781e+02,2.616301198262931463e-02,2.616301198262931463e-02,5.687583037090893496e-05,5.654107979083562718e-05,1.162224451384841428e+00,1.162337868295003185e+00,2.629871736303461560e+01,2.614393261817816594e+01,0.000000000000000000e+00,0.000000000000000000e+00,-4.793818093288555583e-07
2.203672787979966870e+03,6.904217505531168309e-02,9.439986119504181761e-02,4.898049493609303227e+02,2.616149676207291455e-02,2.616149676207291455e-02,5.676802645771095694e-05,5.643516464895290970e-05,1.162193273967171425e+00,1.162306477158278284e+00,2.624887009706356977e+01,2.609495869792637635e+01,0.000000000000000000e+00,0.000000000000000000e+00,-4.790540861517318611e-07
2.212020033388981574e+03,6.903817585833596504e-02,9.437743743445357880e-02,4.898475096143324095e+02,2.615998138428176842e-02,2.615998138428176842e-02,5.666083160947537722e-05,5.632984090491934833e-05,1.162162095936139172e+00,1.162275086608653529e+00,2.619930445559272769e+01,2.604625823310868782e+01,0.000000000000000000e+00,0.000000000000000000e+00,-4.791037976910401880e-07
2.220367278797996732e+03,6.903417042483767085e-02,9.435473605710727185e-02,4.898901424164312175e+02,2.615846364334425619e-02,2.615846364334425619e-02,5.655423875433378213e-05,5.622510174082112193e-05,1.162130894413145654e+00,1.162243673753640794e+00,2.615001716867302051e+01,2.599782807120165984e+01,0.000000000000000000e+00,0.000000000000000000e+00,-4.798509330956358911e-07
2.228714524207011891e+03,6.903016436803979805e-02,9.433214756015433078e-02,4.899327880386598508e+02,2.615694566622574560e-02,2.615694566622574560e-02,5.644824499408169523e-05,5.612094443735197790e-05,1.162099673424707325e+00,1.162212242614138802e+00,2.610100689620865921e+01,2.594966695482995078e+01,0.000000000000000000e+00,0.000000000000000000e+00,-4.799256043851542175e-07
2.237061769616026595e+03,6.902615739153840357e-02,9.430960151926184865e-02,4.899754496411545688e+02,2.615542734061269622e-02,2.615542734061269622e-02,5.634284740684206144e-05,5.601736625011977322e-05,1.162068438272791271e+00,1.162180798486448063e+00,2.605227228715794752e+01,2.590177361501880426e+01,0.000000000000000000e+00,0.000000000000000000e+00,-4.800357848670767728e-07
2.245409015025041754e+03,6.902214906946958772e-02,9.428705932496016240e-02,4.900181317645246963e+02,2.615390850513654372e-02,2.615390850513654372e-02,5.623803731301654703e-05,5.591435877408118397e-05,1.162037189643778445e+00,1.162149342039865640e+00,2.600380932817633806e+01,2.585414416537468796e+01,0.000000000000000000e+00,0.000000000000000000e+00,-4.801969838441311577e-07
2.253756260434056912e+03,6.901813920916215206e-02,9.426450696584226518e-02,4.900608364683524201e+02,2.615238908679021895e-02,2.615238908679021895e-02,5.613381082517723581e-05,5.581191831117324290e-05,1.162005927463501731e+00,1.162117873192638040e+00,2.595561622176272465e+01,2.580677689595663438e+01,0.000000000000000000e+00,0.000000000000000000e+00,-4.803812648307848404e-07
2.262103505843072071e+03,6.901412792140718122e-02,9.424195220668928064e-02,4.901035625808634109e+02,2.615086912755473086e-02,2.615086912755473086e-02,5.603016009951929848e-05,5.571003727240669856e-05,1.161974651804567937e+00,1.162086392001939972e+00,2.590768934103368792e+01,2.575966829770495536e+01,0.000000000000000000e+00,0.000000000000000000e+00,-4.805522730454986775e-07
2.270450751252086775e+03,6.901011556730515806e-02,9.421942489463047687e-02,4.901463062628586727e+02,2.614934876425847182e-02,2.614934876425847182e-02,5.592708502050118655e-05,5.560871566289048097e-05,1.161943362408718983e+00,1.162054898209402332e+00,2.586002863256416617e+01,2.571281837298196393e+01,0.000000000000000000e+00,0.000000000000000000e+00,-4.806800214223934770e-07
2.278797996661101934e+03,6.900610269777610051e-02,9.419699620715532573e-02,4.901890616503148408e+02,2.614782820565632673e-02,2.614782820565632673e-02,5.582457601840276840e-05,5.550794419252359373e-05,1.161912056055663500e+00,1.162023388575874616e+00,2.581262967142773590e+01,2.566622282615383810e+01,0.000000000000000000e+00,0.000000000000000000e+00,-4.807417695810867440e-07
2.287145242070117092e+03,6.900208569365678946e-02,9.417446804396614746e-02,4.902318673159223863e+02,2.614630608037309817e-02,2.614630608037309817e-02,5.572262784125584504e-05,5.540771781288196247e-05,1.161880724153425692e+00,1.161991854499079935e+00,2.576549002917585085e+01,2.561987932288845826e+01,0.000000000000000000e+00,0.000000000000000000e+00,-4.812370934934563312e-07
2.295492487479131796e+03,6.899806483294428083e-02,9.415167825776914190e-02,4.902747203171705337e+02,2.614478249374757937e-02,2.614478249374757937e-02,5.562123539073498846e-05,5.530803162440083129e-05,1.161849386926331995e+00,1.161960316193347165e+00,2.571860734840258900e+01,2.557378559768450188e+01,0.000000000000000000e+00,0.000000000000000000e+00,-4.816991133585515254e-07
2.303839732888146955e+03,6.899404719043870926e-02,9.412918477587886579e-02,4.903175452559402743e+02,2.614326012656669959e-02,2.614326012656669959e-02,5.552039408695618025e-05,5.520888123514497295e-05,1.161818042354556102e+00,1.161928771629878065e+00,2.567197951142325962e+01,2.552793961976259851e+01,0.000000000000000000e+00,0.000000000000000000e+00,-4.813135721674667256e-07
2.312186978297162113e+03,6.899002491134226256e-02,9.410663356639116517e-02,4.903604258628331536e+02,2.614173600248640220e-02,2.614173600248640220e-02,5.542010175640218805e-05,5.511026461743176631e-05,1.161786663382901708e+00,1.161897193749275470e+00,2.562560551322896529e+01,2.548234045154606520e+01,0.000000000000000000e+00,0.000000000000000000e+00,-4.818690357543070922e-07
2.320534223706177272e+03,6.898600156707787590e-02,9.408393863761189968e-02,4.904033240782770804e+02,2.614021147479212229e-02,2.614021147479212229e-02,5.532034605385039615e-05,5.501216973952729192e-05,1.161755289557731663e+00,1.161865622073525062e+00,2.557947964553346054e+01,2.543698252970215634e+01,0.000000000000000000e+00,0.000000000000000000e+00,-4.819966428735145818e-07
2.328881469115191976e+03,6.898197692025619110e-02,9.406143254622829908e-02,4.904462424401932594e+02,2.613868645353214712e-02,2.613868645353214712e-02,5.522113061430731205e-05,5.491460028151359997e-05,1.161723882202348790e+00,1.161834017933244700e+00,2.553360358912114947e+01,2.539186755585767585e+01,0.000000000000000000e+00,0.000000000000000000e+00,-4.821526892378571481e-07
2.337228714524207135e+03,6.897795155252867128e-02,9.403880685916701787e-02,4.904891747519172895e+02,2.613716115910616131e-02,2.613716115910616131e-02,5.512244649271376483e-05,5.481754755101477661e-05,1.161692480225731794e+00,1.161802420219775422e+00,2.548797320790151133e+01,2.534699151075988510e+01,0.000000000000000000e+00,0.000000000000000000e+00,-4.822390537568672577e-07
2.345575959933222293e+03,6.897392116653054683e-02,9.401609160345771043e-02,4.905321668614091095e+02,2.613563396315448165e-02,2.613563396315448165e-02,5.502428753964009516e-05,5.472100560241909564e-05,1.161661044119699060e+00,1.161770789412841065e+00,2.544258565845034425e+01,2.530235164522759916e+01,0.000000000000000000e+00,0.000000000000000000e+00,-4.828402425753003627e-07
2.353923205342236997e+03,6.896989366117076137e-02,9.399366335355663349e-02,4.905751345173169398e+02,2.613410785873577363e-02,2.613410785873577363e-02,5.492665476580634124e-05,5.462497553069553476e-05,1.161629598908083150e+00,1.161739150538379617e+00,2.539744140811274775e+01,2.525794846556164330e+01,0.000000000000000000e+00,0.000000000000000000e+00,-4.824951421023173375e-07
2.362270450751252156e+03,6.896586360845373409e-02,9.397105845596866180e-02,4.906181356290063604e+02,2.613258078907113729e-02,2.613258078907113729e-02,5.482953882395774848e-05,5.452944824143877750e-05,1.161598149968501303e+00,1.161707508955566626e+00,2.535253613482767676e+01,2.521377776661558912e+01,0.000000000000000000e+00,0.000000000000000000e+00,-4.828003154998600163e-07
2.370617696160267315e+03,6.896182861607615122e-02,9.394828015935412224e-02,4.906611957414147582e+02,2.613105184766775779e-02,2.613105184766775779e-02,5.473293500983454190e-05,5.443441920475797073e-05,1.161566676777833873e+00,1.161675844132048496e+00,2.530786766340054328e+01,2.516983745382099613e+01,0.000000000000000000e+00,0.000000000000000000e+00,-4.833920868344199774e-07
2.378964941569282473e+03,6.895779298896242970e-02,9.392559971219542614e-02,4.907042689281396406e+02,2.612952266574983598e-02,2.612952266574983598e-02,5.463683918969717402e-05,5.433988445021954050e-05,1.161535185716845664e+00,1.161644162440485406e+00,2.526343408243863564e+01,2.512612569129591122e+01,0.000000000000000000e+00,0.000000000000000000e+00,-4.834681282238301632e-07
2.387312186978297177e+03,6.895375633541615812e-02,9.390295198357356821e-02,4.907473593750298733e+02,2.612799309489556576e-02,2.612799309489556576e-02,5.454124710413106001e-05,5.424583988206614350e-05,1.161503680661753135e+00,1.161612467748739164e+00,2.521923342243856325e+01,2.508264058521015016e+01,0.000000000000000000e+00,0.000000000000000000e+00,-4.835910948433544974e-07
2.395659432387312336e+03,6.894971833849670995e-02,9.388030771434061061e-02,4.907904704722070619e+02,2.612646301500962456e-02,2.612646301500962456e-02,5.444615710119706886e-05,5.415228396834981717e-05,1.161472162163952326e+00,1.161580760605021911e+00,2.517526491956303758e+01,2.503938142720892301e+01,0.000000000000000000e+00,0.000000000000000000e+00,-4.837520309498832670e-07
2.404006677796327494e+03,6.894567894705366795e-02,9.385766276313435574e-02,4.908336027734845288e+02,2.612493240671008923e-02,2.612493240671008923e-02,5.435156116115472992e-05,5.405920891042688620e-05,1.161440630247280392e+00,1.161549041017351902e+00,2.513152486557806142e+01,2.499634461129079810e+01,0.000000000000000000e+00,0.000000000000000000e+00,-4.839190948764232473e-07
2.412353923205342198e+03,6.894163837837900821e-02,9.383503562481988747e-02,4.908767539659642694e+02,2.612340135233333707e-02,2.612340135233333707e-02,5.425745860239650854e-05,5.396661412793978414e-05,1.161409084707319517e+00,1.161517308780049884e+00,2.508801294531629367e+01,2.495352986910524251e+01,0.000000000000000000e+00,0.000000000000000000e+00,-4.840601272242554061e-07
2.420701168614357357e+03,6.893759710944448449e-02,9.381248094553953920e-02,4.909199189615366095e+02,2.612187003261375040e-02,2.612187003261375040e-02,5.416384497764873291e-05,5.387449533405580846e-05,1.161377523555769509e+00,1.161485561896081098e+00,2.504472710241051203e+01,2.491093521847105308e+01,0.000000000000000000e+00,0.000000000000000000e+00,-4.841440183559342127e-07
2.429048414023372516e+03,6.893355350656767133e-02,9.378994546192398474e-02,4.909631152180689355e+02,2.612033782851554131e-02,2.612033782851554131e-02,5.407071293984409220e-05,5.378284538657401176e-05,1.161345938890015583e+00,1.161453792448342126e+00,2.500166393966290812e+01,2.486855735691822034e+01,0.000000000000000000e+00,0.000000000000000000e+00,-4.844236246422084260e-07
2.437395659432387220e+03,6.892950388553557850e-02,9.376704833053654820e-02,4.910063821135273088e+02,2.611880334401481957e-02,2.611880334401481957e-02,5.397805696798691811e-05,5.369165893820040920e-05,1.161314341513477011e+00,1.161422011229383155e+00,2.495882090422978550e+01,2.482639381192067773e+01,0.000000000000000000e+00,0.000000000000000000e+00,-4.851445996447399020e-07
2.445742904841402378e+03,6.892545687658604980e-02,9.374435841707069728e-02,4.910496274501794574e+02,2.611726984928577217e-02,2.611726984928577217e-02,5.388587719943544119e-05,5.360093620886938914e-05,1.161282741613562930e+00,1.161390228426971261e+00,2.491619805962398004e+01,2.478444468517351140e+01,0.000000000000000000e+00,0.000000000000000000e+00,-4.848316721535300269e-07
2.454090150250417537e+03,6.892141005240086382e-02,9.372191656933898107e-02,4.910928771604711187e+02,2.611573642456772870e-02,2.611573642456772870e-02,5.379417111901077324e-05,5.351067480709204851e-05,1.161251114277095819e+00,1.161358419123021957e+00,2.487379424285625973e+01,2.474270887088028203e+01,0.000000000000000000e+00,0.000000000000000000e+00,-4.848095373852729091e-07
2.462437395659432696e+03,6.891735544007195069e-02,9.369896165869738558e-02,4.911362164726435822e+02,2.611420004876222403e-02,2.611420004876222403e-02,5.370292533143745196e-05,5.342086163065216237e-05,1.161219475905276965e+00,1.161326599692239059e+00,2.483160326010824193e+01,2.470118031072976450e+01,0.000000000000000000e+00,0.000000000000000000e+00,-4.857425570037854614e-07
2.470784641068447399e+03,6.891330649804072728e-02,9.367654013489114251e-02,4.911795015371700970e+02,2.611266582154886384e-02,2.611266582154886384e-02,5.361214699011300093e-05,5.333150380156601852e-05,1.161187824996618767e+00,1.161294768647410436e+00,2.478962841902709968e+01,2.465986229785881889e+01,0.000000000000000000e+00,0.000000000000000000e+00,-4.850632553405835099e-07
2.479131886477462558e+03,6.890924859524708013e-02,9.365357549219530120e-02,4.912228887759279132e+02,2.611112819891875728e-02,2.611112819891875728e-02,5.352182493887362491e-05,5.324259041826099004e-05,1.161156156435453113e+00,1.161262920850810287e+00,2.474786456113345068e+01,2.461874979150803711e+01,0.000000000000000000e+00,0.000000000000000000e+00,-4.861367546789208509e-07
2.487479131886477717e+03,6.890519372103104390e-02,9.363101774311508030e-02,4.912662500137780626e+02,2.610959172387884372e-02,2.610959172387884372e-02,5.343196178680042693e-05,5.315412412787581749e-05,1.161124466985870241e+00,1.161231053071785091e+00,2.470631289283581822e+01,2.457784401568333976e+01,0.000000000000000000e+00,0.000000000000000000e+00,-4.857739310811326875e-07
2.495826377295492421e+03,6.890113759661539716e-02,9.360832955256737087e-02,4.913096310034068779e+02,2.610805477511265321e-02,2.610805477511265321e-02,5.334254648199538990e-05,5.306609412782469881e-05,1.161092779552953314e+00,1.161199188193563048e+00,2.466496830386608963e+01,2.453713997539566805e+01,0.000000000000000000e+00,0.000000000000000000e+00,-4.859237049944973491e-07
2.504173622704507579e+03,6.889707578894767315e-02,9.358545525080985694e-02,4.913530791748107163e+02,2.610651567284563712e-02,2.610651567284563712e-02,5.325357665148710624e-05,5.297849815781602328e-05,1.161061062873204097e+00,1.161167294948013406e+00,2.462382969699009649e+01,2.449663662551266796e+01,0.000000000000000000e+00,0.000000000000000000e+00,-4.866045585933292618e-07
2.512520868113522738e+03,6.889301421519983260e-02,9.356273771191546407e-02,4.913965312476356644e+02,2.610497665921566665e-02,2.610497665921566665e-02,5.316505394302930708e-05,5.289133791545591042e-05,1.161029329210182315e+00,1.161135385602040770e+00,2.458289783410985407e+01,2.445633475098751575e+01,0.000000000000000000e+00,0.000000000000000000e+00,-4.865765349912904208e-07
2.520868113522537897e+03,6.888895241245872325e-02,9.354009237284134637e-02,4.914399921755913283e+02,2.610343755881544547e-02,2.610343755881544547e-02,5.307697167033194812e-05,5.280460689174392932e-05,1.160997583941999700e+00,1.161103465520561651e+00,2.454216962356321119e+01,2.441623134213470081e+01,0.000000000000000000e+00,0.000000000000000000e+00,-4.866039683848915832e-07
2.529215358931552601e+03,6.888488943801898690e-02,9.351745006554927631e-02,4.914834720501771699e+02,2.610189801443456997e-02,2.610189801443456997e-02,5.298932470773643768e-05,5.271830011258429193e-05,1.160965826706761517e+00,1.161071534331581834e+00,2.450164269530570849e+01,2.437632409899062225e+01,0.000000000000000000e+00,0.000000000000000000e+00,-4.867443378804341421e-07
2.537562604340567759e+03,6.888082410583330761e-02,9.349474727207567060e-02,4.915269835735438164e+02,2.610035757665538775e-02,2.610035757665538775e-02,5.290210981638373178e-05,5.263241446041710421e-05,1.160934054463917953e+00,1.161039588988194815e+00,2.446131555172688010e+01,2.433661158003213032e+01,0.000000000000000000e+00,0.000000000000000000e+00,-4.870267958443702545e-07
2.545909849749582918e+03,6.887675618153051016e-02,9.347198057459413234e-02,4.915705292672331552e+02,2.609881615666984067e-02,2.609881615666984067e-02,5.281532438139762613e-05,5.254694743104518559e-05,1.160902265605097794e+00,1.161007627876910364e+00,2.442118698373862529e+01,2.429709262734779429e+01,0.000000000000000000e+00,0.000000000000000000e+00,-4.873373314751272246e-07
2.554257095158597622e+03,6.887268582242708770e-02,9.344915062853444143e-02,4.916141074604741448e+02,2.609727381408837726e-02,2.609727381408837726e-02,5.272896481778504630e-05,5.246189556379059774e-05,1.160870461376490415e+00,1.160975652236871936e+00,2.438125533368215514e+01,2.425776564076069519e+01,0.000000000000000000e+00,0.000000000000000000e+00,-4.876290205900295174e-07
2.562604340567612780e+03,6.886861410602640454e-02,9.342631220481517618e-02,4.916577066275980314e+02,2.609573095719913347e-02,2.609573095719913347e-02,5.264302587476951445e-05,5.237725375609333066e-05,1.160838644859123692e+00,1.160943665138754577e+00,2.434151817365997061e+01,2.421862826090689325e+01,0.000000000000000000e+00,0.000000000000000000e+00,-4.877916248018343334e-07
2.570951585976627939e+03,6.886454210279006893e-02,9.340353967955772330e-02,4.917013153115407249e+02,2.609418799162196989e-02,2.609418799162196989e-02,5.255750739724424108e-05,5.229302192299773480e-05,1.160806816938070307e+00,1.160911667467390496e+00,2.430197543195250987e+01,2.417968044850388765e+01,0.000000000000000000e+00,0.000000000000000000e+00,-4.878259877129980791e-07
2.579298831385642643e+03,6.886047028474907850e-02,9.338090828927460285e-02,4.917449284587119109e+02,2.609264509621912753e-02,2.609264509621912753e-02,5.247240685737477131e-05,5.220919764182489070e-05,1.160774973370573893e+00,1.160879654975073061e+00,2.426262593971874892e+01,2.414092108333333897e+01,0.000000000000000000e+00,0.000000000000000000e+00,-4.878038013106732996e-07
2.587646076794657802e+03,6.885639414263504399e-02,9.335819856721293275e-02,4.917885943789483463e+02,2.609110056233628766e-02,2.609110056233628766e-02,5.238771685875686274e-05,5.212577369302709836e-05,1.160743100153677432e+00,1.160847613644229170e+00,2.422346627694805221e+01,2.410234682716101062e+01,0.000000000000000000e+00,0.000000000000000000e+00,-4.883218252613263110e-07
2.595993322203672960e+03,6.885231473700166582e-02,9.333522893761712902e-02,4.918323017303846996e+02,2.608955479183900500e-02,2.608955479183900500e-02,5.230343184047621038e-05,5.204274466337009127e-05,1.160711226060150647e+00,1.160815572236654436e+00,2.418449387233881964e+01,2.406395517697081843e+01,0.000000000000000000e+00,0.000000000000000000e+00,-4.887127948786962140e-07
2.604340567612688119e+03,6.884823940784250140e-02,9.331269501384663323e-02,4.918759718706570538e+02,2.608801056600143844e-02,2.608801056600143844e-02,5.221955769741441587e-05,5.196011642399609202e-05,1.160679336933710504e+00,1.160783516607831967e+00,2.414571145161521670e+01,2.402574884751011552e+01,0.000000000000000000e+00,0.000000000000000000e+00,-4.882244332678897873e-07
2.612687813021702823e+03,6.884415494129683677e-02,9.328966977656454052e-02,4.919197464093663257e+02,2.608646287782064727e-02,2.608646287782064727e-02,5.213608098344087025e-05,5.187787579163113618e-05,1.160647422686076347e+00,1.160751436642851520e+00,2.410711279744404223e+01,2.398772174298753157e+01,0.000000000000000000e+00,0.000000000000000000e+00,-4.893190921706419128e-07
2.621035058430717982e+03,6.884007663688979095e-02,9.326714129638991047e-02,4.919634613850201390e+02,2.608491752460061902e-02,2.608491752460061902e-02,5.205300674754486956e-05,5.179602780258403002e-05,1.160615504342939586e+00,1.160719353377489771e+00,2.406870024441876765e+01,2.394987619213323526e+01,0.000000000000000000e+00,0.000000000000000000e+00,-4.885808679640812737e-07
2.629382303839733140e+03,6.883598932873094545e-02,9.324408782889016811e-02,4.920072793675473690e+02,2.608336875967428789e-02,2.608336875967428789e-02,5.197032674628067252e-05,5.171456439652098746e-05,1.160583565645360693e+00,1.160687250536503567e+00,2.403046998086670172e+01,2.391220846794335131e+01,0.000000000000000000e+00,0.000000000000000000e+00,-4.896595174296835618e-07
2.637729549248747844e+03,6.883190399697013129e-02,9.322136897982186143e-02,4.920510826623712433e+02,2.608182074364572695e-02,2.608182074364572695e-02,5.188804012321303577e-05,5.163348478997114546e-05,1.160551605290341071e+00,1.160655126815254290e+00,2.399242161078222324e+01,2.387471820815013146e+01,0.000000000000000000e+00,0.000000000000000000e+00,-4.894227449455551070e-07
2.646076794657763003e+03,6.882782002858182924e-02,9.319873450362781142e-02,4.920948778357866331e+02,2.608027324422698343e-02,2.608027324422698343e-02,5.180614407367277658e-05,5.155278627909535763e-05,1.160519645444940462e+00,1.160623004375293199e+00,2.395455383731917465e+01,2.383740416253005279e+01,0.000000000000000000e+00,0.000000000000000000e+00,-4.892594129185778626e-07
2.654424040066778161e+03,6.882372913738957210e-02,9.317573800435174913e-02,4.921387537607312197e+02,2.607872312161577111e-02,2.607872312161577111e-02,5.172463375538171199e-05,5.147246415117734310e-05,1.160487664949458431e+00,1.160590862047365057e+00,2.391686442146487579e+01,2.380026415197833245e+01,0.000000000000000000e+00,0.000000000000000000e+00,-4.900887648323975740e-07
2.662771285475793320e+03,6.881963738913517148e-02,9.315285284911599406e-02,4.921826454004113884e+02,2.607717267424613378e-02,2.607717267424613378e-02,5.164350501092692980e-05,5.139251436714064198e-05,1.160455663287709438e+00,1.160558699307087327e+00,2.387935144088032402e+01,2.376329630887335753e+01,0.000000000000000000e+00,0.000000000000000000e+00,-4.901914408771862149e-07
2.671118530884808024e+03,6.881554485102044094e-02,9.313002163232718400e-02,4.922265520392587064e+02,2.607562192758220571e-02,2.607562192758220571e-02,5.156275697457580743e-05,5.131293613083119767e-05,1.160423647293797877e+00,1.160526522986903286e+00,2.384201449526090144e+01,2.372650026508282650e+01,0.000000000000000000e+00,0.000000000000000000e+00,-4.902860661447372329e-07
2.679465776293823183e+03,6.881145103689691178e-02,9.310719779964976572e-02,4.922704788991999862e+02,2.607407069741236177e-02,2.607407069741236177e-02,5.148238863864099634e-05,5.123372850562872880e-05,1.160391617946641585e+00,1.160494334063785882e+00,2.380485311866378595e+01,2.368987558752449374e+01,0.000000000000000000e+00,0.000000000000000000e+00,-4.904389319987855466e-07
2.687813021702838341e+03,6.880735569850471300e-02,9.308436305632968033e-02,4.923144286521418849e+02,2.607251888966585079e-02,2.607251888966585079e-02,5.140239288986078210e-05,5.115488453654046740e-05,1.160359575145840427e+00,1.160462132423266901e+00,2.376786402200012915e+01,2.365341906029122043e+01,0.000000000000000000e+00,0.000000000000000000e+00,-4.906215393854057146e-07
2.696160267111853045e+03,6.880325891378175074e-02,9.306152286878859037e-02,4.923584004701590970e+02,2.607096653387493135e-02,2.607096653387493135e-02,5.132277089581737675e-05,5.107640542910360266e-05,1.160327518950893921e+00,1.160429918127218851e+00,2.373104774514626669e+01,2.361713124080927528e+01,0.000000000000000000e+00,0.000000000000000000e+00,-4.907948098108982476e-07
2.704507512520868204e+03,6.879916104134418953e-02,9.303870606051625747e-02,4.924023905115708999e+02,2.606941376592663423e-02,2.606941376592663423e-02,5.124351626672823089e-05,5.099828493930746851e-05,1.160295449245392518e+00,1.160397691046598512e+00,2.369440133354163436e+01,2.358100924192130421e+01,0.000000000000000000e+00,0.000000000000000000e+00,-4.909251180198253238e-07
2.712854757929883363e+03,6.879506266220002109e-02,9.301598233254519676e-02,4.924463925445323866e+02,2.606786080597680438e-02,2.606786080597680438e-02,5.116463033535638671e-05,5.092052443419607552e-05,1.160263363342035836e+00,1.160365448496805341e+00,2.365792540344024175e+01,2.354505369573243811e+01,0.000000000000000000e+00,0.000000000000000000e+00,-4.909858214713712536e-07
2.721202003338898066e+03,6.879096094828991703e-02,9.299321928491928457e-02,4.924904369429375492e+02,2.606630658241574153e-02,2.606630658241574153e-02,5.108610743424102661e-05,5.084311837986319111e-05,1.160231251809423991e+00,1.160333181035238193e+00,2.362161733427463517e+01,2.350926204342929537e+01,0.000000000000000000e+00,0.000000000000000000e+00,-4.913853264304845841e-07
2.729549248747913225e+03,6.878685431392565774e-02,9.297012773934511254e-02,4.925345407551748735e+02,2.606475049439363825e-02,2.606475049439363825e-02,5.100794299806329739e-05,5.076606232760203148e-05,1.160199132732590233e+00,1.160300906737915971e+00,2.358547501509487887e+01,2.347363222798199445e+01,0.000000000000000000e+00,0.000000000000000000e+00,-4.919747968382547851e-07
2.737896494156928384e+03,6.878275108659812065e-02,9.294733261781613909e-02,4.925786145519227830e+02,2.606319569736765401e-02,2.606319569736765401e-02,5.093013790653775383e-05,5.068935719575271438e-05,1.160167008332722016e+00,1.160268627827824250e+00,2.354949885267067344e+01,2.343816467402024273e+01,0.000000000000000000e+00,0.000000000000000000e+00,-4.915666338389362280e-07
2.746243739565943542e+03,6.877864392909997793e-02,9.292453328535620061e-02,4.926227371466032992e+02,2.606163941111938609e-02,2.606163941111938609e-02,5.085268690526153286e-05,5.061299785466561861e-05,1.160134849450890293e+00,1.160236315135650065e+00,2.351368641742772070e+01,2.340285700965418414e+01,0.000000000000000000e+00,0.000000000000000000e+00,-4.920374682774901947e-07
2.754590984974958246e+03,6.877453492365104282e-02,9.290153354338857861e-02,4.926668861855056889e+02,2.606008242464464761e-02,2.606008242464464761e-02,5.077558509671216988e-05,5.053697952534351180e-05,1.160102694974618931e+00,1.160204007539241022e+00,2.347803544480903071e+01,2.336770702513150155e+01,0.000000000000000000e+00,0.000000000000000000e+00,-4.922588527824451564e-07
2.762938230383973405e+03,6.877042506822186874e-02,9.287875442385960800e-02,4.927110509538491669e+02,2.605852511609495561e-02,2.605852511609495561e-02,5.069883663851187553e-05,5.046130635609301075e-05,1.160070507542245499e+00,1.160171667685240049e+00,2.344254785725038914e+01,2.333271663858055689e+01,0.000000000000000000e+00,0.000000000000000000e+00,-4.923606804150470190e-07
2.771285475792988564e+03,6.876631444314909580e-02,9.285585058474293829e-02,4.927552305936114294e+02,2.605696751591151522e-02,2.605696751591151522e-02,5.062243386174620293e-05,5.038597083401234966e-05,1.160038325373176082e+00,1.160139333777871817e+00,2.340722010873562908e+01,2.329788237612362778e+01,0.000000000000000000e+00,0.000000000000000000e+00,-4.924528837181895166e-07
2.779632721202003268e+03,6.876219869465503842e-02,9.283284388420710853e-02,4.927994719133413355e+02,2.605540797435862421e-02,2.605540797435862421e-02,5.054637619144949239e-05,5.031097243988351847e-05,1.160006109357392790e+00,1.160106966706024201e+00,2.337205193340737708e+01,2.326320399768039238e+01,0.000000000000000000e+00,0.000000000000000000e+00,-4.930666695880931697e-07
2.787979966611018426e+03,6.875808536637405266e-02,9.281010680437279392e-02,4.928436938323272898e+02,2.605384934987411971e-02,2.605384934987411971e-02,5.047066044625083965e-05,5.023630808381966385e-05,1.159973882664492972e+00,1.160074589633023123e+00,2.333704186023701155e+01,2.322868007452338546e+01,0.000000000000000000e+00,0.000000000000000000e+00,-4.927767280620863887e-07
2.796327212020033585e+03,6.875397087139549501e-02,9.278729227740853402e-02,4.928879349113946660e+02,2.605229028330397281e-02,2.605229028330397281e-02,5.039528265039161178e-05,5.016197389168956572e-05,1.159941652742145557e+00,1.160042209998687790e+00,2.330218805088033562e+01,2.319430881529973476e+01,0.000000000000000000e+00,0.000000000000000000e+00,-4.929164984311983193e-07
2.804674457429048744e+03,6.874985092554421195e-02,9.276423517027108934e-02,4.929322412334687442e+02,2.605072915128630456e-02,2.605072915128630456e-02,5.032024102215244447e-05,5.008796815219617219e-05,1.159909401364483061e+00,1.160009809573657513e+00,2.326748968149119534e+01,2.316008942872573684e+01,0.000000000000000000e+00,0.000000000000000000e+00,-4.935695129837024232e-07
2.813021702838063447e+03,6.874572995858463376e-02,9.274125636333985234e-02,4.929765651774318371e+02,2.604916763234975743e-02,2.604916763234975743e-02,5.024553303653417314e-05,5.001428842039717015e-05,1.159877131058333788e+00,1.159977390879790571e+00,2.323294558453957492e+01,2.312602078428873043e+01,0.000000000000000000e+00,0.000000000000000000e+00,-4.936918417574871422e-07
2.821368948247078606e+03,6.874160802868584108e-02,9.271831966680185722e-02,4.930209061238244317e+02,2.604760574853577648e-02,2.604760574853577648e-02,5.017115719634929199e-05,4.994093326436913890e-05,1.159844846246250505e+00,1.159944958336711185e+00,2.319855506774351994e+01,2.309210221988409728e+01,0.000000000000000000e+00,0.000000000000000000e+00,-4.938072018753546689e-07
2.829716193656093765e+03,6.873748489953722396e-02,9.269539859890006672e-02,4.930652666213419479e+02,2.604604341030143308e-02,2.604604341030143308e-02,5.009711267692982362e-05,4.986790191498466802e-05,1.159812547809305538e+00,1.159912512823897401e+00,2.316431774978621760e+01,2.305833337987634835e+01,0.000000000000000000e+00,0.000000000000000000e+00,-4.939508720043232952e-07
2.838063439065108469e+03,6.873336062199721097e-02,9.267249842239025370e-02,4.931096461298795361e+02,2.604448063691802359e-02,2.604448063691802359e-02,5.002339413258905871e-05,4.979518914327043627e-05,1.159780235606448828e+00,1.159880054189724508e+00,2.313023115888478998e+01,2.302471184644949531e+01,0.000000000000000000e+00,0.000000000000000000e+00,-4.940884492935750396e-07
2.846410684474123627e+03,6.872923550721092567e-02,9.264965876649518262e-02,4.931540413075488800e+02,2.604291754628482863e-02,2.604291754628482863e-02,4.995000118790804270e-05,4.972279462187260409e-05,1.159747907968720071e+00,1.159847580764529873e+00,2.309629512144991281e+01,2.299123746823896752e+01,0.000000000000000000e+00,0.000000000000000000e+00,-4.941887513969710193e-07
2.854757929883138786e+03,6.872510840739730342e-02,9.262684740641013992e-02,4.931984645151989639e+02,2.604135370348403811e-02,2.604135370348403811e-02,4.987693101792572601e-05,4.965071560673860738e-05,1.159715558708221295e+00,1.159815086354845981e+00,2.306250833125270816e+01,2.295790897642701367e+01,0.000000000000000000e+00,0.000000000000000000e+00,-4.944265576719374383e-07
2.863105175292153945e+03,6.872097538095825464e-02,9.260370175450095831e-02,4.932429581999233505e+02,2.603978761496327649e-02,2.603978761496327649e-02,4.980417758633897134e-05,4.957894618511768836e-05,1.159683193843659144e+00,1.159782576967430590e+00,2.302886799717734689e+01,2.292472363702698601e+01,0.000000000000000000e+00,0.000000000000000000e+00,-4.951365673980360413e-07
2.871452420701168649e+03,6.871684390343085758e-02,9.258068104791178365e-02,4.932874418965992049e+02,2.603822211335691736e-02,2.603822211335691736e-02,4.973174059303903170e-05,4.950748610199199099e-05,1.159650826686889680e+00,1.159750065913584649e+00,2.299537398045706382e+01,2.289168133212161393e+01,0.000000000000000000e+00,0.000000000000000000e+00,-4.949510077821874616e-07
2.879799666110183807e+03,6.871271420295581300e-02,9.255796150184213145e-02,4.933319131421645807e+02,2.603665728511216082e-02,2.603665728511216082e-02,4.965962205635300191e-05,4.943633738934531549e-05,1.159618440098695080e+00,1.159717536058140652e+00,2.296202721434265470e+01,2.285878300127639662e+01,0.000000000000000000e+00,0.000000000000000000e+00,-4.947381169103319213e-07
2.888146911519198966e+03,6.870857575682713658e-02,9.253478037489615282e-02,4.933764852701571613e+02,2.603508914295979415e-02,2.603508914295979415e-02,4.958781508579332534e-05,4.936549328968839972e-05,1.159586027863356072e+00,1.159684981171731355e+00,2.292882451275342959e+01,2.282602551990749618e+01,0.000000000000000000e+00,0.000000000000000000e+00,-4.957858462154272532e-07
2.896494156928213670e+03,6.870444231456973583e-02,9.251194602790127619e-02,4.934210102051633839e+02,2.603352289687692334e-02,2.603352289687692334e-02,4.951631898565038523e-05,4.929495315627795783e-05,1.159553618496454330e+00,1.159652429768596393e+00,2.289576555400141444e+01,2.279340858896839350e+01,0.000000000000000000e+00,0.000000000000000000e+00,-4.951863824366294773e-07
2.904841402337228828e+03,6.870030143642340270e-02,9.248883239134417233e-02,4.934656219540911479e+02,2.603195383318316139e-02,2.603195383318316139e-02,4.944513121408666611e-05,4.922471452046375308e-05,1.159521174775490548e+00,1.159619844621225138e+00,2.286284916277073620e+01,2.276093106698415625e+01,0.000000000000000000e+00,0.000000000000000000e+00,-4.960772019307006287e-07
2.913188647746243987e+03,6.869616578287719710e-02,9.246611090765811947e-02,4.935101841259595403e+02,2.603038674919759543e-02,2.603038674919759543e-02,4.937425004125047315e-05,4.915477571415771381e-05,1.159488730905687159e+00,1.159587259931442516e+00,2.283007453919824670e+01,2.272859218265041292e+01,0.000000000000000000e+00,0.000000000000000000e+00,-4.954512948354226551e-07
2.921535893155258691e+03,6.869202155667927800e-02,9.244288189886440410e-02,4.935548453974130894e+02,2.602881641685839131e-02,2.602881641685839131e-02,4.930367044165284989e-05,4.908513181675996955e-05,1.159456267746629354e+00,1.159554656548887674e+00,2.279743935955674772e+01,2.269638966073944886e+01,0.000000000000000000e+00,0.000000000000000000e+00,-4.964782985107270681e-07
2.929883138564273850e+03,6.868787774370230248e-02,9.241988882815954653e-02,4.935995089512856566e+02,2.602724624109708021e-02,2.602724624109708021e-02,4.923339498862483704e-05,4.901578540518317545e-05,1.159423780732635745e+00,1.159522029913029550e+00,2.276494481372435175e+01,2.266432469278547401e+01,0.000000000000000000e+00,0.000000000000000000e+00,-4.964287946416599343e-07
2.938230383973289008e+03,6.868373533644180073e-02,9.239706472765178702e-02,4.936441640870793890e+02,2.602567659799059213e-02,2.602567659799059213e-02,4.916341942930097978e-05,4.894673232015188874e-05,1.159391285497906265e+00,1.159489395649655696e+00,2.273258893522592317e+01,2.263239535558827598e+01,0.000000000000000000e+00,0.000000000000000000e+00,-4.962603898081012018e-07
2.946577629382304167e+03,6.867959097352913100e-02,9.237414578070708704e-02,4.936888470430999405e+02,2.602410621384736861e-02,2.602410621384736861e-02,4.909374073379946528e-05,4.887796960845887091e-05,1.159358782184324088e+00,1.159456753894666292e+00,2.270037032307962122e+01,2.260060028361943907e+01,0.000000000000000000e+00,0.000000000000000000e+00,-4.964946769378257629e-07
2.954924874791318871e+03,6.867544257565040555e-02,9.235106515691650364e-02,4.937335802537664904e+02,2.602253430077271223e-02,2.602253430077271223e-02,4.902435826541966750e-05,4.880949667807068067e-05,1.159326260447685941e+00,1.159424094302629493e+00,2.266828868288253318e+01,2.256893920312963431e+01,0.000000000000000000e+00,0.000000000000000000e+00,-4.969780658713281973e-07
2.963272120200334030e+03,6.867129265572409491e-02,9.232801393735126649e-02,4.937783366366493283e+02,2.602096181096299685e-02,2.602096181096299685e-02,4.895526833146307538e-05,4.874130992053003503e-05,1.159293720852889287e+00,1.159391417431141269e+00,2.263634230717415363e+01,2.253741044561051154e+01,0.000000000000000000e+00,0.000000000000000000e+00,-4.971604071720069081e-07
2.971619365609349188e+03,6.866714175567512068e-02,9.230501501235340023e-02,4.938231103546987697e+02,2.601938894976469144e-02,2.601938894976469144e-02,4.888647038128206735e-05,4.867340882775094264e-05,1.159261165505364621e+00,1.159358725384573852e+00,2.260453094134147278e+01,2.250601377612905907e+01,0.000000000000000000e+00,0.000000000000000000e+00,-4.972778258671043606e-07
2.979966611018363892e+03,6.866298973373502479e-02,9.228206537032580814e-02,4.938679029436726182e+02,2.601781566345882576e-02,2.601781566345882576e-02,4.881796236527327035e-05,4.860579141186158837e-05,1.159228593537239282e+00,1.159326017291016475e+00,2.257285363767191555e+01,2.247474827551664944e+01,0.000000000000000000e+00,0.000000000000000000e+00,-4.974122284235074613e-07
2.988313856427379051e+03,6.865883489823339236e-02,9.225905769940598300e-02,4.939127326646083134e+02,2.601624131103675783e-02,2.601624131103675783e-02,4.874974110702567302e-05,4.853845457226108723e-05,1.159196002246584367e+00,1.159293290442263702e+00,2.254130892743025427e+01,2.244361251009177494e+01,0.000000000000000000e+00,0.000000000000000000e+00,-4.977492930955566421e-07
2.996661101836394209e+03,6.865467611342934706e-02,9.223584453392802418e-02,4.939576117898857319e+02,2.601466546214298292e-02,2.601466546214298292e-02,4.868180421985759596e-05,4.847139598721553574e-05,1.159163397939647622e+00,1.159260551139854600e+00,2.250989570704285825e+01,2.241260540631189002e+01,0.000000000000000000e+00,0.000000000000000000e+00,-4.982224195246191309e-07
3.005008347245409368e+03,6.865051810180543279e-02,9.221273045435343652e-02,4.940024893665113837e+02,2.601308990622301642e-02,2.601308990622301642e-02,4.861414945771387033e-05,4.840461347324946721e-05,1.159130787627952852e+00,1.159227806390883853e+00,2.247861293796013626e+01,2.238172595456352809e+01,0.000000000000000000e+00,0.000000000000000000e+00,-4.981297925449216142e-07
3.013355592654424072e+03,6.864636138761533168e-02,9.218983729632213020e-02,4.940473597325602668e+02,2.601151484192733981e-02,2.601151484192733981e-02,4.854677723703477521e-05,4.833810747466927752e-05,1.159098162616606142e+00,1.159195047501317966e+00,2.244746081273919458e+01,2.235097436028875961e+01,0.000000000000000000e+00,0.000000000000000000e+00,-4.979743599741318174e-07
3.021702838063439231e+03,6.864219880458755085e-02,9.216676745992480324e-02,4.940923002582358095e+02,2.600993755380865552e-02,2.600993755380865552e-02,4.847968448431571144e-05,4.827187499038489469e-05,1.159065505261773987e+00,1.159162256821248738e+00,2.241643791022753263e+01,2.232034923581870700e+01,0.000000000000000000e+00,0.000000000000000000e+00,-4.986774467281355834e-07
3.030050083472454389e+03,6.863803594001126329e-02,9.214361274710257399e-02,4.941372506379835841e+02,2.600836015900545931e-02,2.600836015900545931e-02,4.841286852340484417e-05,4.820591341094788122e-05,1.159032852828203897e+00,1.159129471610138351e+00,2.238554299300390227e+01,2.228984937457499882e+01,0.000000000000000000e+00,0.000000000000000000e+00,-4.987111762392418896e-07
3.038397328881469093e+03,6.863387305896033463e-02,9.212073162645570412e-02,4.941822080117292444e+02,2.600678275795968372e-02,2.600678275795968372e-02,4.834632908637142201e-05,4.814022250389979579e-05,1.159000168945499398e+00,1.159096655497089623e+00,2.235477593718026412e+01,2.225947466907157590e+01,0.000000000000000000e+00,0.000000000000000000e+00,-4.987131499012723164e-07
3.046744574290484252e+03,6.862970618394553801e-02,9.209751124950406320e-02,4.942272153459949777e+02,2.600520384351905426e-02,2.600520384351905426e-02,4.828006265015775847e-05,4.807479882275481162e-05,1.158967486028027460e+00,1.159063840889500430e+00,2.232413511373604109e+01,2.222922352569378646e+01,0.000000000000000000e+00,0.000000000000000000e+00,-4.991916267726273835e-07
3.055091819699499410e+03,6.862553761229767124e-02,9.207444953720982095e-02,4.942722478422475092e+02,2.600362428618933561e-02,2.600362428618933561e-02,4.821406934817308771e-05,4.800964253050864428e-05,1.158934769853274149e+00,1.159030993565152823e+00,2.229362058435809146e+01,2.219909601980893754e+01,0.000000000000000000e+00,0.000000000000000000e+00,-4.993948834144310975e-07
3.063439065108514114e+03,6.862137209387854375e-02,9.205159346407577881e-02,4.943172541865093876e+02,2.600204588579063669e-02,2.600204588579063669e-02,4.814834602081781363e-05,4.794475053856930987e-05,1.158902055488965299e+00,1.158998148585524746e+00,2.226323088808459971e+01,2.216909072328829566e+01,0.000000000000000000e+00,0.000000000000000000e+00,-4.990291066114924890e-07
3.071786310517529273e+03,6.861719880642019875e-02,9.202829941440077155e-02,4.943623513210393980e+02,2.600046454154357131e-02,2.600046454154357131e-02,4.808288822801024497e-05,4.788011849337960046e-05,1.158869320795455904e+00,1.158965283802177337e+00,2.223296397187382922e+01,2.213920562309803231e+01,0.000000000000000000e+00,0.000000000000000000e+00,-4.999598375097228043e-07
3.080133555926544432e+03,6.861302500060174892e-02,9.200515967249740801e-02,4.944074609158429894e+02,2.599888300087922419e-02,2.599888300087922419e-02,4.801769667959672087e-05,4.781574712581556231e-05,1.158836563268294428e+00,1.158932396712099688e+00,2.220282016395040614e+01,2.210944105718666464e+01,0.000000000000000000e+00,0.000000000000000000e+00,-5.000219370502826671e-07
3.088480801335559590e+03,6.860885076539542660e-02,9.198209558062372948e-02,4.944525820131245268e+02,2.599730129751100238e-02,2.599730129751100238e-02,4.795277104567614331e-05,4.775163613994980964e-05,1.158803792128131782e+00,1.158899496535317430e+00,2.217279931177193220e+01,2.207979688872083912e+01,0.000000000000000000e+00,0.000000000000000000e+00,-5.000733777174057497e-07
3.096828046744574294e+03,6.860467547349648199e-02,9.195904964889894950e-02,4.944977213988165090e+02,2.599571919374026388e-02,2.599571919374026388e-02,4.788810877385057626e-05,4.768778304490728929e-05,1.158771008262059699e+00,1.158866584153878332e+00,2.214290023513951056e+01,2.205027196594912553e+01,0.000000000000000000e+00,0.000000000000000000e+00,-5.001999694935836601e-07
3.105175292153589453e+03,6.860049831494889616e-02,9.193597080478699279e-02,4.945428878380889728e+02,2.599413638265805557e-02,2.599413638265805557e-02,4.782370679277269152e-05,4.762418483682647814e-05,1.158738210317417971e+00,1.158833658209047490e+00,2.211312151389813963e+01,2.202086489992115759e+01,0.000000000000000000e+00,0.000000000000000000e+00,-5.004235940007737029e-07
3.113522537562604612e+03,6.859631892887786686e-02,9.191283869553999730e-02,4.945880852445533833e+02,2.599255272752151041e-02,2.599255272752151041e-02,4.775956397601644247e-05,4.756084043200798890e-05,1.158705397427760797e+00,1.158800717832168869e+00,2.208346262720161590e+01,2.199157518954704571e+01,0.000000000000000000e+00,0.000000000000000000e+00,-5.006904513093022469e-07
3.121869782971619316e+03,6.859213774404565589e-02,9.188967761718658256e-02,4.946333089928335767e+02,2.599096839079743926e-02,2.599096839079743926e-02,4.769567771996905558e-05,4.749774728755583341e-05,1.158672570598867635e+00,1.158767764023875158e+00,2.205392237116990728e+01,2.196240165902148433e+01,0.000000000000000000e+00,0.000000000000000000e+00,-5.009059428988935985e-07
3.130217028380634474e+03,6.858795557187379044e-02,9.186653971621933090e-02,4.946785503149417309e+02,2.598938367995012530e-02,2.598938367995012530e-02,4.763204775364005255e-05,4.743490516383535135e-05,1.158639731082400814e+00,1.158734798035318203e+00,2.202450062050019497e+01,2.193334419754021525e+01,0.000000000000000000e+00,0.000000000000000000e+00,-5.010242261894729583e-07
3.138564273789649633e+03,6.858377303550411419e-02,9.184348606744589805e-02,4.947238024747547911e+02,2.598779883110078140e-02,2.598779883110078140e-02,4.756867156481987678e-05,4.737231160743819627e-05,1.158606877588802986e+00,1.158701818571975295e+00,2.199519621357621801e+01,2.190440167067597699e+01,0.000000000000000000e+00,0.000000000000000000e+00,-5.010678570872065232e-07
3.146911519198664791e+03,6.857958953629085530e-02,9.182056788806225445e-02,4.947690719539634756e+02,2.598621361741024552e-02,2.598621361741024552e-02,4.750554895598123778e-05,4.730996645067889547e-05,1.158573999573844882e+00,1.158668815089251458e+00,2.196600905906367629e+01,2.187557400089296777e+01,0.000000000000000000e+00,0.000000000000000000e+00,-5.011832057484069962e-07
3.155258764607679495e+03,6.857539842589811807e-02,9.179718956235882743e-02,4.948144307166581939e+02,2.598462551968764092e-02,2.598462551968764092e-02,4.744267422411035007e-05,4.724786408774021981e-05,1.158541104771877217e+00,1.158635795310189120e+00,2.193693651995583949e+01,2.184685859612700654e+01,0.000000000000000000e+00,0.000000000000000000e+00,-5.020950250499394563e-07
3.163606010016694654e+03,6.857121106322457138e-02,9.177408798968360315e-02,4.948597558409349517e+02,2.598303884205273653e-02,2.598303884205273653e-02,4.738004951515796878e-05,4.718600666483339044e-05,1.158508210075030798e+00,1.158602776131210765e+00,2.190797958851517890e+01,2.181825644876100512e+01,0.000000000000000000e+00,0.000000000000000000e+00,-5.016460482908854669e-07
3.171953255425709813e+03,6.856702020834483380e-02,9.175102431361205346e-02,4.949051256945144246e+02,2.598145084114925063e-02,2.598145084114925063e-02,4.731767262800687574e-05,4.712439203427246797e-05,1.158475279954474635e+00,1.158569722019137105e+00,2.187913724697089535e+01,2.178976656573015802e+01,0.000000000000000000e+00,0.000000000000000000e+00,-5.020644145925542940e-07
3.180300500834724517e+03,6.856282784893183435e-02,9.172777716203876774e-02,4.949505187728897795e+02,2.597986227014724078e-02,2.597986227014724078e-02,4.725554124534076954e-05,4.706301793315507606e-05,1.158442354925594442e+00,1.158536673484773072e+00,2.185040842382309023e+01,2.176138790069492757e+01,0.000000000000000000e+00,0.000000000000000000e+00,-5.022446576773530126e-07
3.188647746243739675e+03,6.855863296855407851e-02,9.170464217404825091e-02,4.949959460930275554e+02,2.597827274389995222e-02,2.597827274389995222e-02,4.719365383260524523e-05,4.700188287139228546e-05,1.158409394710592677e+00,1.158503590247296655e+00,2.182179240951179011e+01,2.173311976465565820e+01,0.000000000000000000e+00,0.000000000000000000e+00,-5.025466692551414087e-07
3.196994991652754834e+03,6.855444053358281109e-02,9.168163719549012047e-02,4.950413538746300901e+02,2.597668414426736183e-02,2.597668414426736183e-02,4.713200996340328699e-05,4.694098645329240413e-05,1.158376439365105259e+00,1.158470512361521765e+00,2.179328900687601234e+01,2.170496197464914800e+01,0.000000000000000000e+00,0.000000000000000000e+00,-5.022537095578291599e-07
3.205342237061769993e+03,6.855024034245579823e-02,9.165826163214377265e-02,4.950868526243373822e+02,2.597509260566822215e-02,2.597509260566822215e-02,4.707060475575228637e-05,4.688032388119006786e-05,1.158343456310757746e+00,1.158437407239394590e+00,2.176489595854421921e+01,2.167691231229116156e+01,0.000000000000000000e+00,0.000000000000000000e+00,-5.031828970161331291e-07
3.213689482470784696e+03,6.854604080000666066e-02,9.163510111061166918e-02,4.951323513155996352e+02,2.597350131286643021e-02,2.597350131286643021e-02,4.700944098175815247e-05,4.681989791853989613e-05,1.158310453834746623e+00,1.158404283173646743e+00,2.173661454630569168e+01,2.164897205537073077e+01,0.000000000000000000e+00,0.000000000000000000e+00,-5.031051854066991244e-07
3.222036727879799855e+03,6.854184183866027236e-02,9.161206107639012497e-02,4.951778506789727317e+02,2.597191024025639894e-02,2.597191024025639894e-02,4.694851510499854351e-05,4.675970509627897496e-05,1.158277441504623084e+00,1.158371149724824356e+00,2.170844313496018430e+01,2.162113959983381761e+01,0.000000000000000000e+00,0.000000000000000000e+00,-5.030355692973112680e-07
3.230383973288815014e+03,6.853764149941952988e-02,9.158899075098696219e-02,4.952233719453564049e+02,2.597031864553392411e-02,2.597031864553392411e-02,4.688782448090571465e-05,4.669974282592243762e-05,1.158244418909162965e+00,1.158338006476469673e+00,2.168038050169057485e+01,2.159341374879535991e+01,0.000000000000000000e+00,0.000000000000000000e+00,-5.032006410409409159e-07
3.238731218697829718e+03,6.853343806044788489e-02,9.156581135193693488e-02,4.952689337878409788e+02,2.596872587625980583e-02,2.596872587625980583e-02,4.682736921849572676e-05,4.664001123919654516e-05,1.158211379920667472e+00,1.158304847301125040e+00,2.165242669690460176e+01,2.156579456316403309e+01,0.000000000000000000e+00,0.000000000000000000e+00,-5.035719888030892623e-07
3.247078464106844876e+03,6.852923253974399498e-02,9.154261920188734580e-02,4.953145251865686873e+02,2.596713231817462941e-02,2.596713231817462941e-02,4.676714648944229545e-05,4.658050756538398041e-05,1.158178322830166751e+00,1.158271670484221527e+00,2.162458041281734822e+01,2.153828076179263107e+01,0.000000000000000000e+00,0.000000000000000000e+00,-5.038213803260030737e-07
3.255425709515860035e+03,6.852502499937897229e-02,9.151941918201393633e-02,4.953601454803703064e+02,2.596553799479841065e-02,2.596553799479841065e-02,4.670715646329975983e-05,4.652123199551170651e-05,1.158145247637507147e+00,1.158238476025966079e+00,2.159684172782874967e+01,2.151087243300977647e+01,0.000000000000000000e+00,0.000000000000000000e+00,-5.040633357297100460e-07
3.263772954924874739e+03,6.852081438753998555e-02,9.149611534817569947e-02,4.954058060877520688e+02,2.596394250757768155e-02,2.596394250757768155e-02,4.664739543759550592e-05,4.646218089439825284e-05,1.158112155703913349e+00,1.158205265280245477e+00,2.156920892995886518e+01,2.148356789595016281e+01,0.000000000000000000e+00,0.000000000000000000e+00,-5.044312983106313551e-07
3.272120200333889898e+03,6.851660216367731759e-02,9.147276638168387597e-02,4.954514911953910428e+02,2.596234640952809966e-02,2.596234640952809966e-02,4.658786325077804999e-05,4.640335412530836466e-05,1.158079053082427645e+00,1.158172044299803582e+00,2.154168194450818064e+01,2.145636708738901532e+01,0.000000000000000000e+00,0.000000000000000000e+00,-5.046244187476125216e-07
3.280467445742905056e+03,6.851239048428579836e-02,9.144953274005003518e-02,4.954971774184671744e+02,2.596075051778981915e-02,2.596075051778981915e-02,4.652855922743084156e-05,4.634475104355908586e-05,1.158045940856621492e+00,1.158138814166892461e+00,2.151426045917199659e+01,2.142926970923248575e+01,0.000000000000000000e+00,0.000000000000000000e+00,-5.045591911039956247e-07
3.288814691151920215e+03,6.850817951757084967e-02,9.142650839307088495e-02,4.955428629307380106e+02,2.595915489609930751e-02,2.595915489609930751e-02,4.646948221736646597e-05,4.628637053507783715e-05,1.158012810426390482e+00,1.158105566279142851e+00,2.148694394211713998e+01,2.140227524634647338e+01,0.000000000000000000e+00,0.000000000000000000e+00,-5.044738124508454369e-07
3.297161936560934919e+03,6.850396134381091240e-02,9.140317264610929582e-02,4.955886336724075250e+02,2.595755654351156877e-02,2.595755654351156877e-02,4.641062880850825817e-05,4.622820925020591299e-05,1.157979650450902565e+00,1.158072289288961221e+00,2.145973081563934670e+01,2.137538214988805407e+01,0.000000000000000000e+00,0.000000000000000000e+00,-5.053372164405045234e-07
3.305509181969950077e+03,6.849974464792434048e-02,9.137988911450579954e-02,4.956343954206487297e+02,2.595595875092037916e-02,2.595595875092037916e-02,4.635199664280752533e-05,4.617026488043200077e-05,1.157946495502841344e+00,1.158039017764364464e+00,2.143261998940453594e+01,2.134858935242864675e+01,0.000000000000000000e+00,0.000000000000000000e+00,-5.051601672113079085e-07
3.313856427378965236e+03,6.849552667522246230e-02,9.135680214315737568e-02,4.956801780717715928e+02,2.595436047451766745e-02,2.595436047451766745e-02,4.629358800570515373e-05,4.611253970607328450e-05,1.157913306906497741e+00,1.158005713034209405e+00,2.140561252017379346e+01,2.132189790836019583e+01,0.000000000000000000e+00,0.000000000000000000e+00,-5.053131296849980173e-07
3.322203672787979940e+03,6.849130561848869314e-02,9.133342833267568683e-02,4.957260012540886578e+02,2.595276102951199829e-02,2.595276102951199829e-02,4.623539853075793514e-05,4.605502943324522777e-05,1.157880120953953096e+00,1.157972411381916977e+00,2.137870638895494935e+01,2.129530583224081752e+01,0.000000000000000000e+00,0.000000000000000000e+00,-5.056825967055645280e-07
3.330550918196995099e+03,6.848708236579888198e-02,9.131018506347900188e-02,4.957718553415447218e+02,2.595116075241352127e-02,2.595116075241352127e-02,4.617742977590752500e-05,4.599773562293953648e-05,1.157846900625306263e+00,1.157939075790705097e+00,2.135190231612197209e+01,2.126881384585477974e+01,0.000000000000000000e+00,0.000000000000000000e+00,-5.059456722393692586e-07
3.338898163606010257e+03,6.848286223624799884e-02,9.128715200156303777e-02,4.958176825811099775e+02,2.594956165873646761e-02,2.594956165873646761e-02,4.611967844794750396e-05,4.594065504133026354e-05,1.157813682403705968e+00,1.157905742737195265e+00,2.132519877893480498e+01,2.124242045391886791e+01,0.000000000000000000e+00,0.000000000000000000e+00,-5.055715201957913497e-07
3.347245409015025416e+03,6.847863422685875057e-02,9.126367605420804274e-02,4.958636024698117239e+02,2.594795957922697502e-02,2.594795957922697502e-02,4.606214034521685310e-05,4.588378355616090095e-05,1.157780442884029259e+00,1.157872388807930752e+00,2.129859383459464084e+01,2.121612374572610094e+01,0.000000000000000000e+00,0.000000000000000000e+00,-5.065155248319354597e-07
3.355592654424040120e+03,6.847440583112662793e-02,9.124036592659190426e-02,4.959095336440215647e+02,2.594635735332424115e-02,2.594635735332424115e-02,4.600481734913305248e-05,4.582712304742912534e-05,1.157747180528485575e+00,1.157839012468882212e+00,2.127208835304687184e+01,2.118992459056537214e+01,0.000000000000000000e+00,0.000000000000000000e+00,-5.065618087083112893e-07
3.363939899833055279e+03,6.847017706549281268e-02,9.121713522034304023e-02,4.959554759285808814e+02,2.594475498725816454e-02,2.594475498725816454e-02,4.594770978423847667e-05,4.577067385629268926e-05,1.157713904691505036e+00,1.157805623075145673e+00,2.124568248435608808e+01,2.116382314618402916e+01,0.000000000000000000e+00,0.000000000000000000e+00,-5.066061229310583206e-07
3.372287145242070437e+03,6.846594726076936366e-02,9.119392359103178913e-02,4.960014365987806855e+02,2.594315222745971136e-02,2.594315222745971136e-02,4.589081475872287385e-05,4.571443314441541854e-05,1.157680616146627095e+00,1.157772221394530288e+00,2.121937489138311861e+01,2.113781810016868690e+01,0.000000000000000000e+00,0.000000000000000000e+00,-5.067306058691853035e-07
3.380634390651085141e+03,6.846171548134707963e-02,9.117067288229931121e-02,4.960474258299869916e+02,2.594154871940734450e-02,2.594154871940734450e-02,4.583413046698051670e-05,4.565839914678896023e-05,1.157647313173861159e+00,1.157738805703474982e+00,2.119316473923704081e+01,2.111190863640017312e+01,0.000000000000000000e+00,0.000000000000000000e+00,-5.069671747896465827e-07
3.388981636060100300e+03,6.845748132243520412e-02,9.114736117445354502e-02,4.960934480338045773e+02,2.593994430971755666e-02,2.593994430971755666e-02,4.577765440168979116e-05,4.560256940440217020e-05,1.157613994677609615e+00,1.157705374901415674e+00,2.116705086856172358e+01,2.108609361786055558e+01,0.000000000000000000e+00,0.000000000000000000e+00,-5.072522376426776272e-07
3.397328881469115458e+03,6.845324523036820652e-02,9.112401273007410263e-02,4.961394983713168472e+02,2.593833916751562066e-02,2.593833916751562066e-02,4.572138692038132561e-05,4.554694429004979328e-05,1.157580661843354397e+00,1.157671930174564823e+00,2.114103344467514489e+01,2.106037321692575404e+01,0.000000000000000000e+00,0.000000000000000000e+00,-5.074838296263042163e-07
3.405676126878130162e+03,6.844900814365513508e-02,9.110068657299580375e-02,4.961855666489683472e+02,2.593673364842187523e-02,2.593673364842187523e-02,4.566532503989975775e-05,4.549152087376325161e-05,1.157547316325292286e+00,1.157638473171205939e+00,2.111511108820122473e+01,2.103474607881263481e+01,0.000000000000000000e+00,0.000000000000000000e+00,-5.076029882259775430e-07
3.414023372287145321e+03,6.844477072172334975e-02,9.107744472327806984e-02,4.962316457019495033e+02,2.593512800230688906e-02,2.593512800230688906e-02,4.560947100108184231e-05,4.543630138985698357e-05,1.157513957107545233e+00,1.157605002879936062e+00,2.108928483527661157e+01,2.100921323664201168e+01,0.000000000000000000e+00,0.000000000000000000e+00,-5.076431474278749268e-07
3.422370617696160480e+03,6.844053268668591483e-02,9.105436117092713388e-02,4.962777385560293624e+02,2.593352212387359246e-02,2.593352212387359246e-02,4.555382238055086729e-05,4.538128346137121512e-05,1.157480573984427608e+00,1.157571509090269402e+00,2.106355356536032630e+01,2.098377359133554165e+01,0.000000000000000000e+00,0.000000000000000000e+00,-5.077165974846950032e-07
3.430717863105175638e+03,6.843628677812935157e-02,9.103081468245827201e-02,4.963239241984333034e+02,2.593191326200234431e-02,2.593191326200234431e-02,4.549837569072864586e-05,4.532646365879744482e-05,1.157447171575403333e+00,1.157537996414752968e+00,2.103791566583707962e+01,2.095842555712868815e+01,0.000000000000000000e+00,0.000000000000000000e+00,-5.086598450762704698e-07
3.439065108514190342e+03,6.843204446341773217e-02,9.100752562030431370e-02,4.963700779031950105e+02,2.593030576191268297e-02,2.593030576191268297e-02,4.544313142892061511e-05,4.527184249213617531e-05,1.157413770294810851e+00,1.157504485268731953e+00,2.101237136665508487e+01,2.093316936983970677e+01,0.000000000000000000e+00,0.000000000000000000e+00,-5.082293024520236334e-07
3.447412353923205501e+03,6.842779884021739367e-02,9.098429157555332214e-02,4.964162747641780697e+02,2.592869700816876136e-02,2.592869700816876136e-02,4.538808792529904005e-05,4.521741832856732032e-05,1.157380333288969831e+00,1.157470938795223558e+00,2.098691989570556515e+01,2.090800427447172893e+01,0.000000000000000000e+00,0.000000000000000000e+00,-5.086256594005440914e-07
3.455759599332220660e+03,6.842355167785971193e-02,9.096087035355723827e-02,4.964624955430157911e+02,2.592708767120654317e-02,2.592708767120654317e-02,4.533324198241440658e-05,4.516318802449483286e-05,1.157346901233116343e+00,1.157437397663123146e+00,2.096155977452534103e+01,2.088292881746278340e+01,0.000000000000000000e+00,0.000000000000000000e+00,-5.088100504502647524e-07
3.464106844741235363e+03,6.841930171187625420e-02,9.093754333037754045e-02,4.965087540131543733e+02,2.592547727189298962e-02,2.592547727189298962e-02,4.527859668508484834e-05,4.510915464788471272e-05,1.157313433554518767e+00,1.157403821305851732e+00,2.093629242949816316e+01,2.085794441740439353e+01,0.000000000000000000e+00,0.000000000000000000e+00,-5.091459248182551757e-07
3.472454090150250522e+03,6.841505468417924396e-02,9.091439753048474737e-02,4.965549876783528020e+02,2.592386798595646205e-02,2.592386798595646205e-02,4.522414790692418188e-05,4.505531413619921202e-05,1.157279969590884416e+00,1.157370249052927624e+00,2.091111595263142320e+01,2.083304919582671744e+01,0.000000000000000000e+00,0.000000000000000000e+00,-5.087939181018188296e-07
3.480801335559265681e+03,6.841079964408228187e-02,9.089083234208089612e-02,4.966013157635608763e+02,2.592225566395719646e-02,2.592225566395719646e-02,4.516989405552080696e-05,4.500166493213471472e-05,1.157246480440244696e+00,1.157336651999232302e+00,2.088602960761265592e+01,2.080824243265081464e+01,0.000000000000000000e+00,0.000000000000000000e+00,-5.097538036160505563e-07
3.489148580968280839e+03,6.840654482947372550e-02,9.086746805309343922e-02,4.966476485975087485e+02,2.592064342740010505e-02,2.592064342740010505e-02,4.511583503936450267e-05,4.494820696235676843e-05,1.157212969967743366e+00,1.157303034009745213e+00,2.086103335212861154e+01,2.078352409396769218e+01,0.000000000000000000e+00,0.000000000000000000e+00,-5.097267901050446336e-07
3.497495826377295543e+03,6.840229010573385671e-02,9.084420483930080725e-02,4.966939876469037927e+02,2.591903122527502989e-02,2.591903122527502989e-02,4.506196987362465054e-05,4.489493927001470593e-05,1.157179447634535840e+00,1.157269404543679325e+00,2.083612673080515520e+01,2.075889373734082000e+01,0.000000000000000000e+00,0.000000000000000000e+00,-5.097159040363010318e-07
3.505843071786310702e+03,6.839803444869246851e-02,9.082095722557226303e-02,4.967403440698983559e+02,2.591741866950285703e-02,2.591741866950285703e-02,4.500829756100166337e-05,4.484186088572820306e-05,1.157145913844145557e+00,1.157235764002592315e+00,2.081130928250264489e+01,2.073435091454009793e+01,0.000000000000000000e+00,0.000000000000000000e+00,-5.098277135582975428e-07
3.514190317195325861e+03,6.839377630922519047e-02,9.079763808401856984e-02,4.967867347511934213e+02,2.591580517308858175e-02,2.591580517308858175e-02,4.495481681930369307e-05,4.478897055817742485e-05,1.157112364722850728e+00,1.157202108510228200e+00,2.078658041435059900e+01,2.070989504696989414e+01,0.000000000000000000e+00,0.000000000000000000e+00,-5.101251081799014516e-07
3.522537562604340565e+03,6.838951552873431816e-02,9.077425751870921156e-02,4.968331614332509503e+02,2.591419067593627584e-02,2.591419067593627584e-02,4.490152555291278285e-05,4.473626623133936944e-05,1.157078797850182417e+00,1.157168435641966475e+00,2.076193915735983353e+01,2.068552518394927375e+01,0.000000000000000000e+00,0.000000000000000000e+00,-5.104415028065220141e-07
3.530884808013355723e+03,6.838525206916765131e-02,9.075080563992861393e-02,4.968796245458182739e+02,2.591257516362717797e-02,2.591257516362717797e-02,4.484842385083935611e-05,4.468374800953723702e-05,1.157045213943343587e+00,1.157134746115203949e+00,2.073738555268772643e+01,2.066124137371606295e+01,0.000000000000000000e+00,0.000000000000000000e+00,-5.107624560866803930e-07
3.539232053422370882e+03,6.838098672640555153e-02,9.072731094251616779e-02,4.969261154286072042e+02,2.591095893773669515e-02,2.591095893773669515e-02,4.479550931267995556e-05,4.463141353486121428e-05,1.157011616710590607e+00,1.157101043633438131e+00,2.071291849041585209e+01,2.063704252600039979e+01,0.000000000000000000e+00,0.000000000000000000e+00,-5.109880628995451346e-07
3.547579298831385586e+03,6.837672113043534450e-02,9.070388129314103931e-02,4.969726163223008939e+02,2.590934261590046445e-02,2.590934261590046445e-02,4.474278067027358317e-05,4.457926156894333186e-05,1.156978008522841384e+00,1.157067330565080487e+00,2.068853738416142818e+01,2.061292806819544410e+01,0.000000000000000000e+00,0.000000000000000000e+00,-5.110183972308227129e-07
3.555926544240400744e+03,6.837245582789588938e-02,9.068059399963761258e-02,4.970191212692606655e+02,2.590772640525116147e-02,2.590772640525116147e-02,4.469024067171360423e-05,4.452729484569013574e-05,1.156944385832957778e+00,1.157033603368475161e+00,2.066424350461061721e+01,2.058889926442754614e+01,0.000000000000000000e+00,0.000000000000000000e+00,-5.109832442267149878e-07
3.564273789649415903e+03,6.836818753428668127e-02,9.065733620978194685e-02,4.970656660891347656e+02,2.590610906122416124e-02,2.590610906122416124e-02,4.463788439196665582e-05,4.447550850950906078e-05,1.156910732798775321e+00,1.156999846191676840e+00,2.064003457448571766e+01,2.056495386952760995e+01,0.000000000000000000e+00,0.000000000000000000e+00,-5.113415743831230774e-07
3.572621035058431062e+03,6.836391413310034804e-02,9.063369537374216245e-02,4.971122738842454964e+02,2.590448978183138712e-02,2.590448978183138712e-02,4.458570988548327639e-05,4.442390065139907357e-05,1.156877075127371812e+00,1.156966084737908629e+00,2.061590969418746155e+01,2.054109100079593375e+01,0.000000000000000000e+00,0.000000000000000000e+00,-5.119534621227135675e-07
3.580968280467445766e+03,6.835964548450901290e-02,9.061053680252738329e-02,4.971588371172485381e+02,2.590287230329437265e-02,2.590287230329437265e-02,4.453372003807826949e-05,4.437247414114794876e-05,1.156843404755746096e+00,1.156932310949925435e+00,2.059187019808278762e+01,2.051731198518874777e+01,0.000000000000000000e+00,0.000000000000000000e+00,-5.113841012419686372e-07
3.589315525876460924e+03,6.835536768579383859e-02,9.058688156804912961e-02,4.972055074544915101e+02,2.590125135758769223e-02,2.590125135758769223e-02,4.448190913157705760e-05,4.432122333767212527e-05,1.156809707523924535e+00,1.156898510656393819e+00,2.056791344215479000e+01,2.049361421433512831e+01,0.000000000000000000e+00,0.000000000000000000e+00,-5.124802860778739053e-07
3.597662771285476083e+03,6.835109581563413028e-02,9.056374420911264544e-02,4.972521203989894047e+02,2.589963265833232151e-02,2.589963265833232151e-02,4.443028200567248264e-05,4.427015304336158155e-05,1.156776003810330966e+00,1.156864704245380127e+00,2.054404166422072109e+01,2.046999990880391707e+01,0.000000000000000000e+00,0.000000000000000000e+00,-5.117700451330476875e-07
3.606010016694490787e+03,6.834681555331839631e-02,9.054006645268732056e-02,4.972988322205439431e+02,2.589801077911684304e-02,2.589801077911684304e-02,4.437883107143540537e-05,4.421925576597858461e-05,1.156742284232504581e+00,1.156830882319341836e+00,2.052025135524868560e+01,2.044646560427219839e+01,0.000000000000000000e+00,0.000000000000000000e+00,-5.127754254249497499e-07
3.614357262103505946e+03,6.834253560221283108e-02,9.051664434259407144e-02,4.973455479589339916e+02,2.589638901782527480e-02,2.589638901782527480e-02,4.432756111092713550e-05,4.416853625078072030e-05,1.156708538350682769e+00,1.156797034448044492e+00,2.049654472640778735e+01,2.042301349489146034e+01,0.000000000000000000e+00,0.000000000000000000e+00,-5.127381424467060726e-07
3.622704507512521104e+03,6.833825763135289999e-02,9.049342132203877509e-02,4.973922493923387265e+02,2.589476800688941469e-02,2.589476800688941469e-02,4.427646773235856237e-05,4.411799016773285852e-05,1.156674786282322565e+00,1.156763180740222774e+00,2.047291974698621786e+01,2.039964157850421245e+01,0.000000000000000000e+00,0.000000000000000000e+00,-5.125009090197364817e-07
3.631051752921536263e+03,6.833397597792792433e-02,9.046997598957709497e-02,4.974389983460756071e+02,2.589314560055409886e-02,2.589314560055409886e-02,4.422555066855214342e-05,4.406761726687567819e-05,1.156641024582127475e+00,1.156729317750062824e+00,2.044937629344421026e+01,2.037634973953219131e+01,0.000000000000000000e+00,0.000000000000000000e+00,-5.129420803120761213e-07
3.639398998330550967e+03,6.832969058890019098e-02,9.044641925446604558e-02,4.974857954198698167e+02,2.589152177872224708e-02,2.589152177872224708e-02,4.417480886455582735e-05,4.401741651876721930e-05,1.156607241079432136e+00,1.156695433304815612e+00,2.042591387798429992e+01,2.035313750197350302e+01,0.000000000000000000e+00,0.000000000000000000e+00,-5.133896055224743963e-07
3.647746243739566125e+03,6.832540414355181557e-02,9.042292613012935243e-02,4.975326113694829360e+02,2.588989755662883183e-02,2.588989755662883183e-02,4.412424036133387700e-05,4.396738599930593129e-05,1.156573439983424434e+00,1.156661531609785021e+00,2.040253159477132527e+01,2.033000397614613775e+01,0.000000000000000000e+00,0.000000000000000000e+00,-5.135161527353661315e-07
3.656093489148581284e+03,6.832111667801099575e-02,9.039947582156879213e-02,4.975794458072754196e+02,2.588827294796356218e-02,2.588827294796356218e-02,4.407384534797694495e-05,4.391752590948277821e-05,1.156539623796891014e+00,1.156627615168148493e+00,2.037922953123858250e+01,2.030694925498596604e+01,0.000000000000000000e+00,0.000000000000000000e+00,-5.136383717902066772e-07
3.664440734557595988e+03,6.831682821134682504e-02,9.037607197383579205e-02,4.976262985317542871e+02,2.588664795995212001e-02,2.588664795995212001e-02,4.402362303515301863e-05,4.386783548216597283e-05,1.156505792300166924e+00,1.156593683758684321e+00,2.035600732240820676e+01,2.028397298378023450e+01,0.000000000000000000e+00,0.000000000000000000e+00,-5.137583063676707563e-07
3.672787979966611147e+03,6.831253852295043894e-02,9.035272764977132776e-02,4.976731719604665045e+02,2.588502250900126880e-02,2.588502250900126880e-02,4.397357244199017953e-05,4.381831376056227674e-05,1.156471942253112006e+00,1.156559734139314566e+00,2.033286451473651368e+01,2.026107472011896959e+01,0.000000000000000000e+00,0.000000000000000000e+00,-5.139046698870470603e-07
3.681135225375626305e+03,6.830824427981957436e-02,9.032920067591497515e-02,4.977201025296160992e+02,2.588339533216807431e-02,2.588339533216807431e-02,4.392369120941938537e-05,4.376895842402989654e-05,1.156438070952378716e+00,1.156525763602012091e+00,2.030980001741762919e+01,2.023825339096460141e+01,0.000000000000000000e+00,0.000000000000000000e+00,-5.144503270775674914e-07
3.689482470784641464e+03,6.830394774042791717e-02,9.030553544605303407e-02,4.977670655762516958e+02,2.588176728523454428e-02,2.588176728523454428e-02,4.387397949417813349e-05,4.371976964100926201e-05,1.156404192821201438e+00,1.156491786570336577e+00,2.028681390292513598e+01,2.021550907420201071e+01,0.000000000000000000e+00,0.000000000000000000e+00,-5.147254191205236923e-07
3.697829716193656168e+03,6.829965328683472447e-02,9.028209954026475415e-02,4.978140132047238353e+02,2.588014002865285379e-02,2.588014002865285379e-02,4.382443709592932860e-05,4.367074722655462548e-05,1.156370306250155355e+00,1.156457801434477961e+00,2.026390607862551008e+01,2.019284168431445181e+01,0.000000000000000000e+00,0.000000000000000000e+00,-5.144755404645044041e-07
3.706176961602671327e+03,6.829535705537712054e-02,9.025880302645651609e-02,4.978609876540220966e+02,2.587851209840185199e-02,2.587851209840185199e-02,4.377506235155837838e-05,4.362188954816110533e-05,1.156336388016846461e+00,1.156423784968746205e+00,2.024107577551405157e+01,2.017025046645080266e+01,0.000000000000000000e+00,0.000000000000000000e+00,-5.146885286209435671e-07
3.714524207011686485e+03,6.829105496624822413e-02,9.023506365577602106e-02,4.979080335535649056e+02,2.587688194855901000e-02,2.587688194855901000e-02,4.372585262315863217e-05,4.357319400848414805e-05,1.156302464843147915e+00,1.156389763889779543e+00,2.021832177385364560e+01,2.014773421962938116e+01,0.000000000000000000e+00,0.000000000000000000e+00,-5.153902776417807278e-07
3.722871452420701189e+03,6.828675723871310832e-02,9.021184464399020775e-02,4.979550391551109669e+02,2.587525345141354627e-02,2.587525345141354627e-02,4.367680987487190439e-05,4.352466256398737025e-05,1.156268521905609470e+00,1.156355723378048372e+00,2.019564498184044510e+01,2.012529384849603176e+01,0.000000000000000000e+00,0.000000000000000000e+00,-5.148677587068942816e-07
3.731218697829716348e+03,6.828245148759000405e-02,9.018807595270250665e-02,4.980021399303951171e+02,2.587362191396596831e-02,2.587362191396596831e-02,4.362793069022030614e-05,4.347629184654967549e-05,1.156234566893619808e+00,1.156321671116156580e+00,2.017304381973512051e+01,2.010292779567103949e+01,0.000000000000000000e+00,0.000000000000000000e+00,-5.158289845478836753e-07
3.739565943238731506e+03,6.827814717205545059e-02,9.016465780759656823e-02,4.980492324237885668e+02,2.587199092049233956e-02,2.587199092049233956e-02,4.357921619459158427e-05,4.342808298244133766e-05,1.156200585222257660e+00,1.156287592521434648e+00,2.015051880790377226e+01,2.008063658192857304e+01,0.000000000000000000e+00,0.000000000000000000e+00,-5.156570010394962729e-07
3.747913188647746210e+03,6.827384388597888820e-02,9.014128438490318085e-02,4.980963210739313354e+02,2.587036031710146511e-02,2.587036031710146511e-02,4.353066411054328975e-05,4.338003373034417563e-05,1.156166605619968868e+00,1.156253516317809593e+00,2.012806889328370374e+01,2.005841917090937798e+01,0.000000000000000000e+00,0.000000000000000000e+00,-5.155336719721935401e-07
3.756260434056761369e+03,6.826953350423999034e-02,9.011756353832717226e-02,4.981434948071826625e+02,2.586872702501854734e-02,2.586872702501854734e-02,4.348227296790355150e-05,4.333214264760702864e-05,1.156132600484464312e+00,1.156219414900079734e+00,2.010569339608467132e+01,2.003627489554846619e+01,0.000000000000000000e+00,0.000000000000000000e+00,-5.163837323199555859e-07
3.764607679465776528e+03,6.826522280012321808e-02,9.009399570300299920e-02,4.981906795161322634e+02,2.586709361078003491e-02,2.586709361078003491e-02,4.343404415167597223e-05,4.328441111715683888e-05,1.156098574580740834e+00,1.156185293036009698e+00,2.008339295671611424e+01,2.001420439529504591e+01,0.000000000000000000e+00,0.000000000000000000e+00,-5.164223531893080788e-07
3.772954924874791686e+03,6.826091134884916534e-02,9.007048327843399094e-02,4.982378798548087389e+02,2.586545991342829864e-02,2.586545991342829864e-02,4.338597521915544934e-05,4.323683673361752356e-05,1.156064534571686453e+00,1.156151157383639161e+00,2.006116644569981844e+01,1.999220655793141077e+01,0.000000000000000000e+00,0.000000000000000000e+00,-5.165118626315108025e-07
3.781302170283806390e+03,6.825659851424194235e-02,9.004697209329863561e-02,4.982851027950270577e+02,2.586382569190323957e-02,2.586382569190323957e-02,4.333806455028536847e-05,4.318941790554745036e-05,1.156030480759618673e+00,1.156117008242074640e+00,2.003901311394059093e+01,1.997028064759359722e+01,0.000000000000000000e+00,0.000000000000000000e+00,-5.166775859453330989e-07
3.789649415692821549e+03,6.825228378247076566e-02,9.002342834666579585e-02,4.983323539730855032e+02,2.586219075150383157e-02,2.586219075150383157e-02,4.329031269736862976e-05,4.314215519142115053e-05,1.155996412338306856e+00,1.156082844806195720e+00,2.001693321681682391e+01,1.994842692251368632e+01,0.000000000000000000e+00,0.000000000000000000e+00,-5.169048661869597052e-07
3.797996661101836708e+03,6.824796721461227900e-02,8.999985590096992727e-02,4.983796327314697123e+02,2.586055511537327031e-02,2.586055511537327031e-02,4.324271896254506755e-05,4.309504791231422556e-05,1.155962329415180401e+00,1.156048667182055123e+00,1.999492643164615302e+01,1.992664506876499431e+01,0.000000000000000000e+00,0.000000000000000000e+00,-5.171248294466941092e-07
3.806343906510851411e+03,6.824364937912635876e-02,8.997629316315576553e-02,4.984269328536357762e+02,2.585891899891266249e-02,2.585891899891266249e-02,4.319528083761524351e-05,4.304809359727891941e-05,1.155928232773141273e+00,1.156014476147576131e+00,1.997299159866655671e+01,1.990493394381023506e+01,0.000000000000000000e+00,0.000000000000000000e+00,-5.172766912132647356e-07
3.814691151919866570e+03,6.823933092362215180e-02,8.995280091077854923e-02,4.984742472518526597e+02,2.585728264751440547e-02,2.585728264751440547e-02,4.314799876902924481e-05,4.300129269971003399e-05,1.155894121525873564e+00,1.155980270817342337e+00,1.995112892431132323e+01,1.988329375729385617e+01,0.000000000000000000e+00,0.000000000000000000e+00,-5.173509694039846664e-07
3.823038397328881729e+03,6.823501167667303524e-02,8.992945116628216218e-02,4.985215778096538770e+02,2.585564599622143522e-02,2.585564599622143522e-02,4.310087241143157949e-05,4.295464488920564439e-05,1.155859986679928397e+00,1.155946042197228962e+00,1.992933824889211536e+01,1.986172435644187573e+01,0.000000000000000000e+00,0.000000000000000000e+00,-5.174457845041558869e-07
3.831385642737896887e+03,6.823068478858637653e-02,8.990565970044678279e-02,4.985689996099746963e+02,2.585400644954466420e-02,2.585400644954466420e-02,4.305389905055865310e-05,4.290814749034586742e-05,1.155825831436195550e+00,1.155911793482736538e+00,1.990761831736526588e+01,1.984022450417149841e+01,0.000000000000000000e+00,0.000000000000000000e+00,-5.183611927817050286e-07
3.839732888146911591e+03,6.822636081569102839e-02,8.988207525117415664e-02,4.986163969716011479e+02,2.585236800749369721e-02,2.585236800749369721e-02,4.300707931745372474e-05,4.286180113894289321e-05,1.155791677218837910e+00,1.155877546099294273e+00,1.988596942151777824e+01,1.981879449447482955e+01,0.000000000000000000e+00,0.000000000000000000e+00,-5.180119528627268841e-07
3.848080133555926750e+03,6.822203525677333902e-02,8.985866688360077958e-02,4.986638192329285175e+02,2.585072896446631921e-02,2.585072896446631921e-02,4.296041318919135304e-05,4.281560582343346840e-05,1.155757489160673446e+00,1.155843265179686163e+00,1.986439155074919682e+01,1.979743432200515585e+01,0.000000000000000000e+00,0.000000000000000000e+00,-5.182019583391789683e-07
3.856427378964941909e+03,6.821770540219868062e-02,8.983489343242614944e-02,4.987112961174107681e+02,2.584908829372637926e-02,2.584908829372637926e-02,4.291389705730945064e-05,4.276955798272463738e-05,1.155723300967066658e+00,1.155808984422106667e+00,1.984288303654894392e+01,1.977614234015483063e+01,0.000000000000000000e+00,0.000000000000000000e+00,-5.187165780440678451e-07
3.864774624373956613e+03,6.821337554560390204e-02,8.981140770104684146e-02,4.987587805581749762e+02,2.584744762222097175e-02,2.584744762222097175e-02,4.286753363265747966e-05,4.272366031124409571e-05,1.155689080664167756e+00,1.155774671858111668e+00,1.982144513238204198e+01,1.975491979479564009e+01,0.000000000000000000e+00,0.000000000000000000e+00,-5.187168200544938986e-07
3.873121869782971771e+03,6.820904555944426462e-02,8.978785189340453277e-02,4.988062739559894680e+02,2.584580690162078392e-02,2.584580690162078392e-02,4.282131966325029924e-05,4.267790960048043814e-05,1.155654864626197487e+00,1.155740363855461306e+00,1.980007633456867211e+01,1.973376520234951670e+01,0.000000000000000000e+00,0.000000000000000000e+00,-5.187323419245548935e-07
3.881469115191986930e+03,6.820470938899615698e-02,8.976408649101949577e-02,4.988538427401830972e+02,2.584416383766679690e-02,2.584416383766679690e-02,4.277525335352839260e-05,4.263230408346118462e-05,1.155620616142911006e+00,1.155706023700348029e+00,1.977877581286316300e+01,1.971267774578909737e+01,0.000000000000000000e+00,0.000000000000000000e+00,-5.194732196832863470e-07
3.889816360601001634e+03,6.820037406448037354e-02,8.974052987609060228e-02,4.989014098032546940e+02,2.584252109425393129e-02,2.584252109425393129e-02,4.272933713682897609e-05,4.258684617974182400e-05,1.155586351009666668e+00,1.155671667192983199e+00,1.975754469241212163e+01,1.969165854388847592e+01,0.000000000000000000e+00,0.000000000000000000e+00,-5.193718769908767180e-07
3.898163606010016792e+03,6.819603921398134649e-02,8.971708021754272455e-02,4.989489792240815405e+02,2.584087853045573605e-02,2.584087853045573605e-02,4.268356734157322099e-05,4.254153226486060259e-05,1.155552076738358025e+00,1.155637301837964426e+00,1.973638127552052879e+01,1.967070592073902446e+01,0.000000000000000000e+00,0.000000000000000000e+00,-5.193150897834314075e-07
3.906510851419031951e+03,6.819170196431807718e-02,8.969353563841614418e-02,4.989965825388571261e+02,2.583923505756498609e-02,2.583923505756498609e-02,4.263794524318877355e-05,4.249636361188888363e-05,1.155517790088760766e+00,1.155602924397615805e+00,1.971528615193118128e+01,1.964982046499401491e+01,0.000000000000000000e+00,0.000000000000000000e+00,-5.196025096596556702e-07
3.914858096828047110e+03,6.818736168890295046e-02,8.966990287485854250e-02,4.990442266405561895e+02,2.583759043815476997e-02,2.583759043815476997e-02,4.259246846361829477e-05,4.245133787666237573e-05,1.155483485037342550e+00,1.155568528843682996e+00,1.969425822205823451e+01,1.962900109273935811e+01,0.000000000000000000e+00,0.000000000000000000e+00,-5.199649947321721718e-07
3.923205342237061814e+03,6.818301956875022496e-02,8.964628146463128611e-02,4.990918985793894080e+02,2.583594511973563365e-02,2.583594511973563365e-02,4.254713664151561168e-05,4.240645471154811183e-05,1.155449161186306473e+00,1.155534114777659438e+00,1.967329731881945420e+01,1.960824764323363922e+01,0.000000000000000000e+00,0.000000000000000000e+00,-5.201859942965353573e-07
3.931552587646076972e+03,6.817867518469968025e-02,8.962263896694046272e-02,4.991396029697618815e+02,2.583429894347915451e-02,2.583429894347915451e-02,4.250195001233428765e-05,4.236171435974325083e-05,1.155414818369826291e+00,1.155499682034198283e+00,1.965240355108581127e+01,1.958756022892837834e+01,0.000000000000000000e+00,0.000000000000000000e+00,-5.204572092552484322e-07
3.939899833055092131e+03,6.817432748345045312e-02,8.959886514427993498e-02,4.991873513939973463e+02,2.583265151026803430e-02,2.583265151026803430e-02,4.245690582592043797e-05,4.231711410820800508e-05,1.155380459162785201e+00,1.155465233182719320e+00,1.963157564721838000e+01,1.956693759534577381e+01,0.000000000000000000e+00,0.000000000000000000e+00,-5.208546096574007451e-07
3.948247078464106835e+03,6.816997892692491789e-02,8.957509495620545603e-02,4.992351168268036758e+02,2.583100375297517348e-02,2.583100375297517348e-02,4.241200390873851281e-05,4.227265379492584942e-05,1.155346090332346032e+00,1.155430774990049647e+00,1.961081352697635438e+01,1.954637966757127998e+01,0.000000000000000000e+00,0.000000000000000000e+00,-5.209570717591405639e-07
3.956594323873121994e+03,6.816563114992138517e-02,8.955147665787389910e-02,4.992828813131213792e+02,2.582935629105919534e-02,2.582935629105919534e-02,4.236724579098954724e-05,4.222833494485408188e-05,1.155311710269379066e+00,1.155396305850114880e+00,1.959011789790676161e+01,1.952588715072728576e+01,0.000000000000000000e+00,0.000000000000000000e+00,-5.208636850232123491e-07
3.964941569282137152e+03,6.816128304882519695e-02,8.952806733710011455e-02,4.993306569777161599e+02,2.582770870633785409e-02,2.582770870633785409e-02,4.232262934818042103e-05,4.218415546408866602e-05,1.155277303683693191e+00,1.155361810468505501e+00,1.956948777766887915e+01,1.950545907661710032e+01,0.000000000000000000e+00,0.000000000000000000e+00,-5.209025113233400728e-07
3.973288814691152311e+03,6.815692670831959010e-02,8.950413194321597821e-02,4.993785308160024670e+02,2.582605799953522838e-02,2.582605799953522838e-02,4.227815216024573150e-05,4.214011296582505526e-05,1.155242880130565419e+00,1.155327298395691482e+00,1.954892204725283023e+01,1.948509434161027443e+01,0.000000000000000000e+00,0.000000000000000000e+00,-5.218895925716920489e-07
3.981636060100167015e+03,6.815257569694173345e-02,8.948064025591689896e-02,4.994263537264199613e+02,2.582440931204844914e-02,2.582440931204844914e-02,4.223381678917651681e-05,4.209620999653454352e-05,1.155208453495256915e+00,1.155292783522042566e+00,1.952842189129324524e+01,1.946479412316529434e+01,0.000000000000000000e+00,0.000000000000000000e+00,-5.212511630672467620e-07
3.989983305509182173e+03,6.814821660423923955e-02,8.945680054408074178e-02,4.994742731151221165e+02,2.582275756238195177e-02,2.582275756238195177e-02,4.218961852669111338e-05,4.205244190325918698e-05,1.155173992640249114e+00,1.155258234700679232e+00,1.950798513273586465e+01,1.944455626980893470e+01,0.000000000000000000e+00,0.000000000000000000e+00,-5.222193057587615201e-07
3.998330550918197332e+03,6.814386288368926015e-02,8.943338384444478317e-02,4.995221410972426384e+02,2.582110784833427028e-02,2.582110784833427028e-02,4.214556068177823114e-05,4.200881197210084504e-05,1.155139531257804997e+00,1.155223685630458963e+00,1.948761330161828553e+01,1.942438230099618579e+01,0.000000000000000000e+00,0.000000000000000000e+00,-5.215757218875239065e-07
4.006677796327212036e+03,6.813950036172913838e-02,8.940944460366438695e-02,4.995701135180351002e+02,2.581945479925169123e-02,2.581945479925169123e-02,4.210163839868918663e-05,4.196531540370351636e-05,1.155105047697752241e+00,1.155189114651554716e+00,1.946730415269922432e+01,1.940426999756108373e+01,0.000000000000000000e+00,0.000000000000000000e+00,-5.226301308226079155e-07
4.015025041736227195e+03,6.813513858201050710e-02,8.938577510114792402e-02,4.996180854538255289e+02,2.581780203141964894e-02,2.581780203141964894e-02,4.205785427055658412e-05,4.192195477518699970e-05,1.155070540339333762e+00,1.155154520148379493e+00,1.944705888501280810e+01,1.938422055113361253e+01,0.000000000000000000e+00,0.000000000000000000e+00,-5.225412102920184875e-07
4.023372287145242353e+03,6.813077830016672776e-02,8.936227967092336133e-02,4.996660485897763238e+02,2.581614983116311754e-02,2.581614983116311754e-02,4.201420649404572036e-05,4.187872830975744088e-05,1.155036025567342639e+00,1.155119918502146570e+00,1.942687666471820762e+01,1.936423314014512442e+01,0.000000000000000000e+00,0.000000000000000000e+00,-5.223617648847572206e-07
4.031719532554257057e+03,6.812641491268180138e-02,8.933861263016343313e-02,4.997140535705677848e+02,2.581449645411543897e-02,2.581449645411543897e-02,4.197069461481805645e-05,4.183563556645723960e-05,1.155001500332386577e+00,1.155085306662567923e+00,1.940675728173460257e+01,1.934430756070198854e+01,0.000000000000000000e+00,0.000000000000000000e+00,-5.227338206941995729e-07
4.040066777963272216e+03,6.812204781715648638e-02,8.931482272141784418e-02,4.997621070433852992e+02,2.581284167201516530e-02,2.581284167201516530e-02,4.192731733808345736e-05,4.179267527186787787e-05,1.154966954440544979e+00,1.155050674433154789e+00,1.938670013736621200e+01,1.932444322399041070e+01,0.000000000000000000e+00,0.000000000000000000e+00,-5.231780439327287514e-07
4.048414023372287375e+03,6.811767941028909479e-02,8.929108251864578683e-02,4.998101826510851424e+02,2.581118639302047713e-02,2.581118639302047713e-02,4.188407430406822950e-05,4.174984707848464297e-05,1.154932390255247299e+00,1.155016024176629852e+00,1.936670506525790003e+01,1.930463996932828152e+01,0.000000000000000000e+00,0.000000000000000000e+00,-5.233351427135045886e-07
4.056761268781302533e+03,6.811330998679798743e-02,8.926739980712841693e-02,4.998582771580956887e+02,2.580953072880620355e-02,2.580953072880620355e-02,4.184096478205703249e-05,4.170715027133905199e-05,1.154897809469436876e+00,1.154981357584490276e+00,1.934677172753545094e+01,1.928489746612255828e+01,0.000000000000000000e+00,0.000000000000000000e+00,-5.234569342346534304e-07
4.065108514190317237e+03,6.810893923466350419e-02,8.924376621131055454e-02,4.999063940067775889e+02,2.580787456114169362e-02,2.580787456114169362e-02,4.179798888856052215e-05,4.166458497450052694e-05,1.154863210312373045e+00,1.154946672886236092e+00,1.932690017807203020e+01,1.926521577174148447e+01,0.000000000000000000e+00,0.000000000000000000e+00,-5.236161057111118255e-07
4.073455759599332396e+03,6.810456471631938513e-02,8.922000490918959026e-02,4.999545600471076341e+02,2.580621696638307414e-02,2.580621696638307414e-02,4.175514507729411373e-05,4.162214966505736112e-05,1.154828590485736495e+00,1.154911967780478887e+00,1.930708970188376838e+01,1.924559418200853500e+01,0.000000000000000000e+00,0.000000000000000000e+00,-5.240672976254551061e-07
4.081803005008347554e+03,6.810018717799320997e-02,8.919607683831458356e-02,5.000027670824123902e+02,2.580455822729129170e-02,2.580455822729129170e-02,4.171243132047018111e-05,4.157984234300948122e-05,1.154793960357048066e+00,1.154877252630711615e+00,1.928733936134543470e+01,1.922603177214712034e+01,0.000000000000000000e+00,0.000000000000000000e+00,-5.244290914757753125e-07
4.090150250417362258e+03,6.809581115808154006e-02,8.917232650376276382e-02,5.000509651399528934e+02,2.580290006355791602e-02,2.580290006355791602e-02,4.166984795576881705e-05,4.153766335118893932e-05,1.154759322629805407e+00,1.154842530141112267e+00,1.926764931259634395e+01,1.920652870067875995e+01,0.000000000000000000e+00,0.000000000000000000e+00,-5.242471854180759333e-07
4.098497495826377417e+03,6.809143576374673823e-02,8.914884420308624713e-02,5.000991640496111472e+02,2.580124213686845608e-02,2.580124213686845608e-02,4.162739640310826811e-05,4.149561410440897539e-05,1.154724660381440060e+00,1.154807783391947451e+00,1.924802021219005255e+01,1.918708562179651622e+01,0.000000000000000000e+00,0.000000000000000000e+00,-5.241722413092508730e-07
4.106844741235392576e+03,6.808705158780346822e-02,8.912482905512972287e-02,5.001474674634168878e+02,2.579958088264736049e-02,2.579958088264736049e-02,4.158507357764426463e-05,4.145369155535448330e-05,1.154689976949160313e+00,1.154773015714293249e+00,1.922845063373072705e+01,1.916770112645759738e+01,0.000000000000000000e+00,0.000000000000000000e+00,-5.252242780037385333e-07
4.115191986644407734e+03,6.808267293690122013e-02,8.910126269393478515e-02,5.001957177657946545e+02,2.579792172197767353e-02,2.579792172197767353e-02,4.154288012899142569e-05,4.141189635568831622e-05,1.154655291793082794e+00,1.154738246569567472e+00,1.920894087759254987e+01,1.914837551598326826e+01,0.000000000000000000e+00,0.000000000000000000e+00,-5.245623780893131959e-07
4.123539232053422893e+03,6.807828588660438940e-02,8.907731141492500337e-02,5.002440684056944065e+02,2.579625937860503815e-02,2.579625937860503815e-02,4.150081397373972124e-05,4.137022644977448503e-05,1.154620573312332477e+00,1.154703444352755959e+00,1.918948998043114429e+01,1.912910783987154417e+01,0.000000000000000000e+00,0.000000000000000000e+00,-5.255686255603130380e-07
4.131886477462437142e+03,6.807390414577768611e-02,8.905382648224649533e-02,5.002923683046942074e+02,2.579459904709957563e-02,2.579459904709957563e-02,4.145887717852426979e-05,4.132868389284961299e-05,1.154585849493182881e+00,1.154668637054254265e+00,1.917009889783436805e+01,1.910989904843974685e+01,0.000000000000000000e+00,0.000000000000000000e+00,-5.249325510391022887e-07
4.140233722871452301e+03,6.806951466759010583e-02,8.902982571551901203e-02,5.003407612861452094e+02,2.579293578374931492e-02,2.579293578374931492e-02,4.141706600105002329e-05,4.128726498578540259e-05,1.154551111502475802e+00,1.154633815833462585e+00,1.915076589940884588e+01,1.909074743125431084e+01,0.000000000000000000e+00,0.000000000000000000e+00,-5.258594868721099004e-07
4.148580968280467459e+03,6.806512425068425576e-02,8.900599953914765938e-02,5.003891724214611259e+02,2.579127216469944556e-02,2.579127216469944556e-02,4.137538155626031090e-05,4.124597084094308775e-05,1.154516345430227187e+00,1.154598966782624414e+00,1.913149150069131466e+01,1.907165350265803028e+01,0.000000000000000000e+00,0.000000000000000000e+00,-5.259719453208299337e-07
4.156928213689482618e+03,6.806073431103171201e-02,8.898231572749777663e-02,5.004375861003581463e+02,2.578960872649064401e-02,2.578960872649064401e-02,4.133382315317860045e-05,4.120480078167279738e-05,1.154481566638084100e+00,1.154564105262018803e+00,1.911227538218231814e+01,1.905261694977593834e+01,0.000000000000000000e+00,0.000000000000000000e+00,-5.259147703747329022e-07
4.165275459098497777e+03,6.805634378374154914e-02,8.895866716279589304e-02,5.004860140688560932e+02,2.578794506561389588e-02,2.578794506561389588e-02,4.129238954142122489e-05,4.116375357703655214e-05,1.154446777196316054e+00,1.154529233339434580e+00,1.909311696571910488e+01,1.903363720343673648e+01,0.000000000000000000e+00,0.000000000000000000e+00,-5.259851693615035096e-07
4.173622704507512935e+03,6.805195047466200409e-02,8.893492214692251541e-02,5.005344805394319110e+02,2.578628035066006519e-02,2.578628035066006519e-02,4.125107954101219290e-05,4.112282806572801043e-05,1.154411972126116348e+00,1.154494346033723140e+00,1.907401570569460603e+01,1.901471372666598825e+01,0.000000000000000000e+00,0.000000000000000000e+00,-5.263184277294884668e-07
4.181969949916528094e+03,6.804755454622662958e-02,8.891112671857481775e-02,5.005829837363293109e+02,2.578461464317857027e-02,2.578461464317857027e-02,4.120989376482030289e-05,4.108202486252359050e-05,1.154377148030828915e+00,1.154459439949456101e+00,1.905497188549217213e+01,1.899584680372909773e+01,0.000000000000000000e+00,0.000000000000000000e+00,-5.266322265578575663e-07
4.190317195325542343e+03,6.804315609403842335e-02,8.888729016876203981e-02,5.006315226202146960e+02,2.578294797939534311e-02,2.578294797939534311e-02,4.116883066065432477e-05,4.104134243720156258e-05,1.154342304753413151e+00,1.154424514926511103e+00,1.903598478739677091e+01,1.897703572706947739e+01,0.000000000000000000e+00,0.000000000000000000e+00,-5.269345721471547518e-07
4.198664440734557502e+03,6.803875472912140898e-02,8.886335469740985760e-02,5.006801014999293784e+02,2.578128021191940580e-02,2.578128021191940580e-02,4.112789046171054009e-05,4.100078102828225076e-05,1.154307444964237206e+00,1.154389573635727251e+00,1.901705451923562862e+01,1.895828060697612827e+01,0.000000000000000000e+00,0.000000000000000000e+00,-5.272835170583132885e-07
4.207011686143572661e+03,6.803435239557655001e-02,8.883942771949654427e-02,5.007286989301506992e+02,2.577961207741050545e-02,2.577961207741050545e-02,4.108707058822244997e-05,4.096033808725778222e-05,1.154272574040722033e+00,1.154354621449397600e+00,1.899817988815495085e+01,1.893958026504887471e+01,0.000000000000000000e+00,0.000000000000000000e+00,-5.273995586740963570e-07
4.215358931552587819e+03,6.802995049002627526e-02,8.881563136447880036e-02,5.007772994967691034e+02,2.577794410507753403e-02,2.577794410507753403e-02,4.104637351583500794e-05,4.092001607426316471e-05,1.154237691211176697e+00,1.154319657600766824e+00,1.897936203886395035e+01,1.892093583882531505e+01,0.000000000000000000e+00,0.000000000000000000e+00,-5.273482849229071307e-07
4.223706176961602978e+03,6.802554858408138561e-02,8.879205457262832890e-02,5.008259079301798238e+02,2.577627613259503292e-02,2.577627613259503292e-02,4.100579797791130605e-05,4.087981374168837107e-05,1.154202783666498089e+00,1.154284669278217601e+00,1.896060038568456463e+01,1.890234675142519549e+01,0.000000000000000000e+00,0.000000000000000000e+00,-5.273483321977716102e-07
4.232053422370618136e+03,6.802113818248956001e-02,8.876796979613844896e-02,5.008746180645180175e+02,2.577460494093759130e-02,2.577460494093759130e-02,4.096534073541053384e-05,4.083972788748033091e-05,1.154167854486136013e+00,1.154249659554758889e+00,1.894189343092228484e+01,1.888381152225670334e+01,0.000000000000000000e+00,0.000000000000000000e+00,-5.283661107006980363e-07
4.240400667779633295e+03,6.801673238864731907e-02,8.874423972198920707e-02,5.009232851931589607e+02,2.577293549525101410e-02,2.577293549525101410e-02,4.092500408545406029e-05,4.079976079481434099e-05,1.154132925726411685e+00,1.154214650491291794e+00,1.892324223673911376e+01,1.886533120703333921e+01,0.000000000000000000e+00,0.000000000000000000e+00,-5.278141023004555732e-07
4.248747913188647544e+03,6.801232002033454072e-02,8.872031366042518186e-02,5.009720328438313572e+02,2.577126355836265037e-02,2.577126355836265037e-02,4.088478606881683298e-05,4.075991052953512533e-05,1.154097959382918370e+00,1.154179604079516697e+00,1.890464589721234745e+01,1.884690491142436741e+01,0.000000000000000000e+00,0.000000000000000000e+00,-5.286017238708965241e-07
4.257095158597662703e+03,6.800791149945736858e-02,8.869663898956886561e-02,5.010207458848898341e+02,2.576959307934658175e-02,2.576959307934658175e-02,4.084468604914255494e-05,4.072017646811884123e-05,1.154062997701528426e+00,1.154144562564045629e+00,1.888610411809829159e+01,1.882853234711967616e+01,0.000000000000000000e+00,0.000000000000000000e+00,-5.281408010852139070e-07
4.265442404006677862e+03,6.800349474076809730e-02,8.867257047867424524e-02,5.010695578688653882e+02,2.576791947885448061e-02,2.576791947885448061e-02,4.080470344774757974e-05,4.068055804411749071e-05,1.154028004715318190e+00,1.154109489976810066e+00,1.886761663182040749e+01,1.881021325220034512e+01,0.000000000000000000e+00,0.000000000000000000e+00,-5.291276909746899301e-07
4.273789649415693020e+03,6.799907991762998982e-02,8.864881405134067416e-02,5.011183563831773995e+02,2.576624661178243333e-02,2.576624661178243333e-02,4.076483938183923366e-05,4.064105637150388614e-05,1.153992993916520771e+00,1.154074399812274221e+00,1.884918395496227461e+01,1.879194814175435013e+01,0.000000000000000000e+00,0.000000000000000000e+00,-5.288958119452678871e-07
4.282136894824708179e+03,6.799466584706415073e-02,8.862513765010691935e-02,5.011671544982524438e+02,2.576457402987545817e-02,2.576457402987545817e-02,4.072509145250922166e-05,4.060166908005224674e-05,1.153957979218003027e+00,1.154039305978535657e+00,1.883080497829681121e+01,1.877373591981707079e+01,0.000000000000000000e+00,0.000000000000000000e+00,-5.288056537875144723e-07
4.290484140233723338e+03,6.799024613901717695e-02,8.860115149744356156e-02,5.012160228719034762e+02,2.576289931181120763e-02,2.576289931181120763e-02,4.068545856905189971e-05,4.056239509570576087e-05,1.153922946568022079e+00,1.154004194421686780e+00,1.881247919749450759e+01,1.875557608975721990e+01,0.000000000000000000e+00,0.000000000000000000e+00,-5.294810240274503883e-07
4.298831385642738496e+03,6.798582439450846782e-02,8.857718970918997126e-02,5.012649217104172408e+02,2.576122382208981959e-02,2.576122382208981959e-02,4.064594125174096552e-05,4.052323494072763044e-05,1.153887892072072541e+00,1.153969061248264927e+00,1.879420685312382844e+01,1.873746889306318764e+01,0.000000000000000000e+00,0.000000000000000000e+00,-5.297249921433459378e-07
4.307178631051752745e+03,6.798140164216089076e-02,8.855328726211682266e-02,5.013138396485600765e+02,2.575954795047761051e-02,2.575954795047761051e-02,4.060653949506895668e-05,4.048418861635993781e-05,1.153852820857957706e+00,1.153933911586069172e+00,1.877598794263818505e+01,1.871941433030929502e+01,0.000000000000000000e+00,0.000000000000000000e+00,-5.298457312397801734e-07
4.315525876460767904e+03,6.797697776296647565e-02,8.852942225737209236e-02,5.013627780101936651e+02,2.575787165188000646e-02,2.575787165188000646e-02,4.056725225973327058e-05,4.044525509931007373e-05,1.153817734174883203e+00,1.153898746682242127e+00,1.875782198547623381e+01,1.870141192833703414e+01,0.000000000000000000e+00,0.000000000000000000e+00,-5.299807274909222721e-07
4.323873121869783063e+03,6.797255286729525503e-02,8.850561462764464093e-02,5.014117355819691397e+02,2.575619496811849124e-02,2.575619496811849124e-02,4.052807944767151379e-05,4.040643429898157612e-05,1.153782630910517693e+00,1.153863565424264381e+00,1.873970893629507728e+01,1.868346164525566167e+01,0.000000000000000000e+00,0.000000000000000000e+00,-5.301025014122216948e-07
4.332220367278798221e+03,6.796812610837059399e-02,8.848184280415298530e-02,5.014607217423176735e+02,2.575451757833201183e-02,2.575451757833201183e-02,4.048901974921862275e-05,4.036772492399283831e-05,1.153747506101580056e+00,1.153828362846253119e+00,1.872164818952093768e+01,1.866556288394545859e+01,0.000000000000000000e+00,0.000000000000000000e+00,-5.303257191743847543e-07
4.340567612687813380e+03,6.796369369093950563e-02,8.845776879668322545e-02,5.015097785113595137e+02,2.575283804442134519e-02,2.575283804442134519e-02,4.045007236660179314e-05,4.032912619015604144e-05,1.153712362302340866e+00,1.153793141500897512e+00,1.870363937627302064e+01,1.864771528180716587e+01,0.000000000000000000e+00,0.000000000000000000e+00,-5.310036082443762470e-07
4.348914858096828539e+03,6.795926165584313672e-02,8.843374520365708535e-02,5.015588390468346347e+02,2.575115865538515209e-02,2.575115865538515209e-02,4.041123621769524194e-05,4.029063703138895867e-05,1.153677214496837244e+00,1.153757916370086400e+00,1.868568199618904302e+01,1.862991834589686135e+01,0.000000000000000000e+00,0.000000000000000000e+00,-5.309578045449873635e-07
4.357262103505843697e+03,6.795483166191659818e-02,8.841003070941946818e-02,5.016078849814868477e+02,2.574948003979008609e-02,2.574948003979008609e-02,4.037251287411004909e-05,4.025225901160076877e-05,1.153642050178864675e+00,1.153722674950750315e+00,1.866777677596355645e+01,1.861217279934781743e+01,0.000000000000000000e+00,0.000000000000000000e+00,-5.307132723993077721e-07
4.365609348914857947e+03,6.795039387638816819e-02,8.838597441948922717e-02,5.016570251946016583e+02,2.574779847179718695e-02,2.574779847179718695e-02,4.033389951849464472e-05,4.021398934485211871e-05,1.153606852802361082e+00,1.153687400691224552e+00,1.864992241288620889e+01,1.859447735397432666e+01,0.000000000000000000e+00,0.000000000000000000e+00,-5.316467063059626355e-07
4.373956594323873105e+03,6.794595917953512310e-02,8.836210042039698009e-02,5.017061392219357572e+02,2.574611807416677528e-02,2.574611807416677528e-02,4.029539753547837171e-05,4.017582940966842866e-05,1.153571660848087266e+00,1.153652132075032588e+00,1.863211954719337982e+01,1.857683264719038974e+01,0.000000000000000000e+00,0.000000000000000000e+00,-5.312766829947938326e-07
4.382303839732888264e+03,6.794151865253912626e-02,8.833809833310488080e-02,5.017553258481892158e+02,2.574443546737556487e-02,2.574443546737556487e-02,4.025700569261850010e-05,4.013777799074949929e-05,1.153536430499157106e+00,1.153616825282840486e+00,1.861436760901800014e+01,1.855923811705543969e+01,0.000000000000000000e+00,0.000000000000000000e+00,-5.319751341204129931e-07
4.390651085141903422e+03,6.793708221594066399e-02,8.831439318445929998e-02,5.018044751925265246e+02,2.574275441051991631e-02,2.574275441051991631e-02,4.021872373978359848e-05,4.009983484631411259e-05,1.153501202320442509e+00,1.153581520879028544e+00,1.859666648270222566e+01,1.854169365177267181e+01,0.000000000000000000e+00,0.000000000000000000e+00,-5.314851044957712206e-07
4.398998330550918581e+03,6.793263725769631278e-02,8.829020802276378588e-02,5.018537269921432085e+02,2.574107012463778751e-02,2.574107012463778751e-02,4.018054989649967135e-05,4.006199821770490090e-05,1.153465949016359016e+00,1.153546191564473133e+00,1.857901534497574403e+01,1.852419843815953016e+01,0.000000000000000000e+00,0.000000000000000000e+00,-5.325059976732657590e-07
4.407345575959933740e+03,6.792819262848541484e-02,8.826625653999325971e-02,5.019029832023015274e+02,2.573938596343318050e-02,2.573938596343318050e-02,4.014248505710140097e-05,4.002426899736781887e-05,1.153430672446052130e+00,1.153510839200106552e+00,1.856141460936843757e+01,1.850675288887256897e+01,0.000000000000000000e+00,0.000000000000000000e+00,-5.324665794655650759e-07
4.415692821368948898e+03,6.792374847802341853e-02,8.824243595101065318e-02,5.019522421634756597e+02,2.573770198363636158e-02,2.573770198363636158e-02,4.010452790322944556e-05,3.998664588454236890e-05,1.153395384446335159e+00,1.153475475620122870e+00,1.854386366628639493e+01,1.848935640245537471e+01,0.000000000000000000e+00,0.000000000000000000e+00,-5.324092253471494476e-07
4.424040066777963148e+03,6.791930301003379356e-02,8.821859905451105710e-02,5.020015237897207498e+02,2.573601750460129123e-02,2.573601750460129123e-02,4.006667858912034620e-05,3.994912903802694048e-05,1.153360084873166658e+00,1.153440100680793723e+00,1.852636258704678340e+01,1.847200905233446733e+01,0.000000000000000000e+00,0.000000000000000000e+00,-5.325670651571213868e-07
4.432387312186978306e+03,6.791485445416091393e-02,8.819465760066610982e-02,5.020508477207041551e+02,2.573433185550389607e-02,2.573433185550389607e-02,4.002893564363819312e-05,3.991171700546630941e-05,1.153324767738657552e+00,1.153404708391306821e+00,1.850891069141360390e+01,1.845471016695780619e+01,0.000000000000000000e+00,0.000000000000000000e+00,-5.329369935709702495e-07
4.440734557595993465e+03,6.791040348196054899e-02,8.817068813351994216e-02,5.021002065273061703e+02,2.573264529081043667e-02,2.573264529081043667e-02,3.999129999094735006e-05,3.987441070874468772e-05,1.153289430888043476e+00,1.153369296598743210e+00,1.849150840670962381e+01,1.843746017259385184e+01,0.000000000000000000e+00,0.000000000000000000e+00,-5.332264696037118478e-07
4.449081803005008624e+03,6.790594986541192979e-02,8.814666981813713831e-02,5.021496027537986606e+02,2.573095772411916615e-02,2.573095772411916615e-02,3.995376993281109842e-05,3.983720847027266579e-05,1.153254074514796335e+00,1.153333865493199273e+00,1.847415494769008859e+01,1.842025829354492217e+01,0.000000000000000000e+00,0.000000000000000000e+00,-5.335432625245715005e-07
4.457429048414023782e+03,6.790149333865395931e-02,8.812254506918766606e-02,5.021990393659275469e+02,2.572926905468985934e-02,2.572926905468985934e-02,3.991634532121778289e-05,3.980011014904165346e-05,1.153218702252122974e+00,1.153298418707593420e+00,1.845685024591614720e+01,1.840310446461029414e+01,0.000000000000000000e+00,0.000000000000000000e+00,-5.338919056048549515e-07
4.465776293823038941e+03,6.789703631822072150e-02,8.809846228332174345e-02,5.022484895680381101e+02,2.572758019819686506e-02,2.572758019819686506e-02,3.987902562697529587e-05,3.976311522614622970e-05,1.153183319414766705e+00,1.153262961555620025e+00,1.843959405669556517e+01,1.838599844585418452e+01,0.000000000000000000e+00,0.000000000000000000e+00,-5.339510479018813743e-07
4.474123539232053190e+03,6.789257988141356170e-02,8.807453792272609827e-02,5.022979414091963690e+02,2.572589156285176593e-02,2.572589156285176593e-02,3.984181084427356731e-05,3.972622370145897366e-05,1.153147923234415728e+00,1.153227491268961513e+00,1.842238637734184081e+01,1.836894023721767866e+01,0.000000000000000000e+00,0.000000000000000000e+00,-5.338811294977926135e-07
4.482470784641068349e+03,6.788812172874618411e-02,8.805074987110171614e-02,5.023474204111212771e+02,2.572420227733202003e-02,2.572420227733202003e-02,3.980469964510112527e-05,3.968943426408439460e-05,1.153112496460570569e+00,1.153191990594479632e+00,1.840522659379803017e+01,1.835192923255806008e+01,0.000000000000000000e+00,0.000000000000000000e+00,-5.340866895518268179e-07
4.490818030050083507e+03,6.788365673691616753e-02,8.802647212858638603e-02,5.023969834602676201e+02,2.572251040031323099e-02,2.572251040031323099e-02,3.976769089109462681e-05,3.965274579102379869e-05,1.153077059628233370e+00,1.153156480064915668e+00,1.838811417969826323e+01,1.833496491261389849e+01,0.000000000000000000e+00,0.000000000000000000e+00,-5.349060212359782793e-07
4.499165275459098666e+03,6.787919702317442294e-02,8.800272282261080437e-02,5.024464960568406582e+02,2.572082052327037682e-02,2.572082052327037682e-02,3.973078670549991920e-05,3.961616039264561842e-05,1.153041611484491025e+00,1.153120958431589127e+00,1.837105011680653988e+01,1.831804825319482433e+01,0.000000000000000000e+00,0.000000000000000000e+00,-5.342737062609929029e-07
4.507512520868113825e+03,6.787472801780221332e-02,8.797845136558572754e-02,5.024961199695165419e+02,2.571912712543809876e-02,2.571912712543809876e-02,3.969398429013572618e-05,3.957967530039995842e-05,1.153006135736817983e+00,1.153085409396408467e+00,1.835403311127663173e+01,1.830117797415580938e+01,0.000000000000000000e+00,0.000000000000000000e+00,-5.353868435907041689e-07
4.515859766277128983e+03,6.787026411186281027e-02,8.795470215961322114e-02,5.025456954130370377e+02,2.571743565988553887e-02,2.571743565988553887e-02,3.965728488778728716e-05,3.954329175175494090e-05,1.152970647826708550e+00,1.153049848403348010e+00,1.833706373775786602e+01,1.828435464768761420e+01,0.000000000000000000e+00,0.000000000000000000e+00,-5.347759315404762503e-07
4.524207011686144142e+03,6.786579384731702969e-02,8.793048885411047788e-02,5.025953496439328774e+02,2.571574178492654766e-02,2.571574178492654766e-02,3.962068593354881518e-05,3.950700720922549871e-05,1.152935151254420809e+00,1.153014278947563476e+00,1.832014081026786911e+01,1.826757710048688210e+01,0.000000000000000000e+00,0.000000000000000000e+00,-5.355376925845060258e-07
4.532554257095158391e+03,6.786132141296634390e-02,8.790637874369107430e-02,5.026450361596469065e+02,2.571404708778396442e-02,2.571404708778396442e-02,3.958418877863095075e-05,3.947082301770509383e-05,1.152899623610643687e+00,1.152978678622440079e+00,1.830326495359060601e+01,1.825084595441658664e+01,0.000000000000000000e+00,0.000000000000000000e+00,-5.357976352122066521e-07
4.540901502504173550e+03,6.785684934029800885e-02,8.788241864645350565e-02,5.026947268434682883e+02,2.571235252769024301e-02,2.571235252769024301e-02,3.954779193326407572e-05,3.943473770546837646e-05,1.152864081627335668e+00,1.152943064156974451e+00,1.828643547887406484e+01,1.823416052896817519e+01,0.000000000000000000e+00,0.000000000000000000e+00,-5.357543056665300828e-07
4.549248747913188708e+03,6.785237678718927801e-02,8.785851099168458245e-02,5.027444310547174382e+02,2.571065778554780176e-02,2.571065778554780176e-02,3.951149530362789349e-05,3.939875118471206035e-05,1.152828528124374419e+00,1.152907438370862625e+00,1.826965234273684047e+01,1.821752078354243665e+01,0.000000000000000000e+00,0.000000000000000000e+00,-5.358118624259469912e-07
4.557595993322203867e+03,6.784790173520052758e-02,8.783452721702050825e-02,5.027941712347181351e+02,2.570896209652844683e-02,2.570896209652844683e-02,3.947529855962484183e-05,3.936286313334334277e-05,1.152792959077513224e+00,1.152871797239206186e+00,1.825291539254568818e+01,1.820092656920743579e+01,0.000000000000000000e+00,0.000000000000000000e+00,-5.361112282522920542e-07
4.565943238731219026e+03,6.784342386174743722e-02,8.781047662123557529e-02,5.028439509855134588e+02,2.570726533839836139e-02,2.570726533839836139e-02,3.943920075279995599e-05,3.932707261612766790e-05,1.152757370788115132e+00,1.152836137061484134e+00,1.823622418974614590e+01,1.818437745352167667e+01,0.000000000000000000e+00,0.000000000000000000e+00,-5.364492396802170693e-07
4.574290484140234184e+03,6.783894318563685188e-02,8.778636182663666909e-02,5.028937701154025604e+02,2.570556751828383807e-02,2.570556751828383807e-02,3.940320259083809613e-05,3.929138033982392626e-05,1.152721763139635369e+00,1.152800457722565897e+00,1.821957906156340457e+01,1.816787376328218429e+01,0.000000000000000000e+00,0.000000000000000000e+00,-5.367849980481146392e-07
4.582637729549249343e+03,6.783445991711509193e-02,8.776216666392555599e-02,5.029436263034858143e+02,2.570386871585153207e-02,2.570386871585153207e-02,3.936730159493530273e-05,3.925578385173365278e-05,1.152686139558154022e+00,1.152764762643600838e+00,1.820297886182756031e+01,1.815141436438993239e+01,0.000000000000000000e+00,0.000000000000000000e+00,-5.370955689068338193e-07
4.590984974958263592e+03,6.782997604410279102e-02,8.773801486987828357e-02,5.029934974538055030e+02,2.570216968436535993e-02,2.570216968436535993e-02,3.933149825528487028e-05,3.922028364286418803e-05,1.152650504313517787e+00,1.152729056095415761e+00,1.818642381719824996e+01,1.813499948388096783e+01,0.000000000000000000e+00,0.000000000000000000e+00,-5.371679868736988531e-07
4.599332220367278751e+03,6.782549250407365893e-02,8.771400716969342259e-02,5.030433731421170478e+02,2.570047077905334570e-02,2.570047077905334570e-02,3.929579342417928532e-05,3.918488056328121638e-05,1.152614855112560344e+00,1.152693335786547646e+00,1.816991432176553189e+01,1.811862951481569084e+01,0.000000000000000000e+00,0.000000000000000000e+00,-5.371280954900162538e-07
4.607679465776293910e+03,6.782100738638556503e-02,8.769014228845381509e-02,5.030932746280802803e+02,2.569877127593397231e-02,2.569877127593397231e-02,3.926018629102011971e-05,3.914957381420176201e-05,1.152579175863842620e+00,1.152657585623947822e+00,1.815345000071818760e+01,1.810230408784622469e+01,0.000000000000000000e+00,0.000000000000000000e+00,-5.373170990336403452e-07
4.616026711185309068e+03,6.781651511873286464e-02,8.766577580268482273e-02,5.031432639352528327e+02,2.569706906354631004e-02,2.569706906354631004e-02,3.922467384790933855e-05,3.911436041796596499e-05,1.152543484844739563e+00,1.152621823879005358e+00,1.813702946323942555e+01,1.808602182613753939e+01,0.000000000000000000e+00,0.000000000000000000e+00,-5.381736647934978817e-07
4.624373956594324227e+03,6.781202812029447913e-02,8.764191762153636378e-02,5.031932028719083405e+02,2.569536884777206404e-02,2.569536884777206404e-02,3.918925913163135490e-05,3.907924339062342748e-05,1.152507784738730612e+00,1.152586053241252850e+00,1.812065411350276278e+01,1.806978412427563185e+01,0.000000000000000000e+00,0.000000000000000000e+00,-5.375424129185760457e-07
4.632721202003339386e+03,6.780753208198449233e-02,8.761758884025019900e-02,5.032432507061923843e+02,2.569366520660498754e-02,2.569366520660498754e-02,3.915393973253832266e-05,3.904422034761636796e-05,1.152472053609948199e+00,1.152550251770028344e+00,1.810432283731527647e+01,1.805358987966892315e+01,0.000000000000000000e+00,0.000000000000000000e+00,-5.386253895364093447e-07
4.641068447412354544e+03,6.780304153619215457e-02,8.759377274300994554e-02,5.032932456819456775e+02,2.569196364666554225e-02,2.569196364666554225e-02,3.911871654991709205e-05,3.900929218546541678e-05,1.152436314881727819e+00,1.152514442890463009e+00,1.808803605049666885e+01,1.803743950685805331e+01,0.000000000000000000e+00,0.000000000000000000e+00,-5.379673859220554322e-07
4.649415692821368793e+03,6.779854314295982731e-02,8.756942375365966980e-02,5.033433363264970239e+02,2.569025911317007055e-02,2.569025911317007055e-02,3.908358723800300796e-05,3.897445658278426566e-05,1.152400561564942638e+00,1.152478619608763299e+00,1.807179266839285603e+01,1.802133193246119447e+01,0.000000000000000000e+00,0.000000000000000000e+00,-5.389075092328555673e-07
4.657762938230383952e+03,6.779404387518521424e-02,8.754526709806066676e-02,5.033934450211023659e+02,2.568855424829257633e-02,2.568855424829257633e-02,3.904855276617601509e-05,3.893971450553174066e-05,1.152364779135752970e+00,1.152442767403024648e+00,1.805559313923376052e+01,1.800526760312638785e+01,0.000000000000000000e+00,0.000000000000000000e+00,-5.390122793986371198e-07
4.666110183639399111e+03,6.778954530149423896e-02,8.752127033994236416e-02,5.034435542982832885e+02,2.568684964641762200e-02,2.568684964641762200e-02,3.901361253183072516e-05,3.890506536080175323e-05,1.152328984240364784e+00,1.152406902918257536e+00,1.803943718438171473e+01,1.798924624470080502e+01,0.000000000000000000e+00,0.000000000000000000e+00,-5.389291281788302899e-07
4.674457429048414269e+03,6.778504585941021177e-02,8.749728564105585527e-02,5.034936815647660069e+02,2.568514471549072226e-02,2.568514471549072226e-02,3.897876591844922695e-05,3.887050854183173162e-05,1.152293178634414827e+00,1.152371027908875245e+00,1.802332451876606356e+01,1.797326757662455066e+01,0.000000000000000000e+00,0.000000000000000000e+00,-5.390331616664492900e-07
4.682804674457429428e+03,6.778054314731661589e-02,8.747317665647627583e-02,5.035438535898284158e+02,2.568343854549009694e-02,2.568343854549009694e-02,3.894401259873311752e-05,3.883604372863277418e-05,1.152257355753063317e+00,1.152335135809390732e+00,1.800725499104786209e+01,1.795733145093850425e+01,0.000000000000000000e+00,0.000000000000000000e+00,-5.394249088127769347e-07
4.691151919866444587e+03,6.777603797326489654e-02,8.744903925786530474e-02,5.035940613875037002e+02,2.568173144260302646e-02,2.568173144260302646e-02,3.890935218423476099e-05,3.880167054053142183e-05,1.152221512715603469e+00,1.152299223738328271e+00,1.799122842161347080e+01,1.794143769162371527e+01,0.000000000000000000e+00,0.000000000000000000e+00,-5.397198513959696986e-07
4.699499165275459745e+03,6.777153049856649014e-02,8.742488734952659490e-02,5.036443031752313004e+02,2.568002346795372065e-02,2.568002346795372065e-02,3.887478392034835433e-05,3.876738823368771453e-05,1.152185649476923590e+00,1.152263291649077592e+00,1.797524446154201883e+01,1.792558595473731131e+01,0.000000000000000000e+00,0.000000000000000000e+00,-5.399954688690780279e-07
4.707846410684473994e+03,6.776701973209152408e-02,8.740061933507889402e-02,5.036945900179618434e+02,2.567831424598273141e-02,2.567831424598273141e-02,3.884030699848821621e-05,3.873319601066010562e-05,1.152149767917469037e+00,1.152227341420478002e+00,1.795930273695295654e+01,1.790977587155166262e+01,0.000000000000000000e+00,0.000000000000000000e+00,-5.403898237009849623e-07
4.716193656093489153e+03,6.776250751624826596e-02,8.737632318411729659e-02,5.037449013913332010e+02,2.567660447481636202e-02,2.567660447481636202e-02,3.880592183437106307e-05,3.869909428816077851e-05,1.152113874761862000e+00,1.152191379777984581e+00,1.794340344006882404e+01,1.789400763474959888e+01,0.000000000000000000e+00,0.000000000000000000e+00,-5.405634580223136685e-07
4.724540901502504312e+03,6.775799592568700069e-02,8.735217140461616625e-02,5.037952141671631239e+02,2.567489494058216443e-02,2.567489494058216443e-02,3.877162723748495214e-05,3.866508188988754063e-05,1.152077970149442798e+00,1.152155406858570208e+00,1.792754602041085477e+01,1.787828070042277417e+01,0.000000000000000000e+00,0.000000000000000000e+00,-5.404885492395702677e-07
4.732888146911519470e+03,6.775348454559856903e-02,8.732826231916142323e-02,5.038455329709835269e+02,2.567318548610044576e-02,2.567318548610044576e-02,3.873742459111966739e-05,3.863116019212866936e-05,1.152042040599986938e+00,1.152119409184770182e+00,1.791173111759603032e+01,1.786259570495075977e+01,0.000000000000000000e+00,0.000000000000000000e+00,-5.404633345941042845e-07
4.741235392320534629e+03,6.774896446979897235e-02,8.730383499454388851e-02,5.038959571657431411e+02,2.567147273663534027e-02,2.567147273663534027e-02,3.870331162393904741e-05,3.859732694655190028e-05,1.152006087534540590e+00,1.152083388173111178e+00,1.789595768138512710e+01,1.784695160873106445e+01,0.000000000000000000e+00,0.000000000000000000e+00,-5.415050807916734444e-07
4.749582637729549788e+03,6.774444916019894958e-02,8.727978703930679150e-02,5.039463365885534927e+02,2.566976179318105483e-02,2.566976179318105483e-02,3.866928896099856020e-05,3.856358277738000700e-05,1.151970134411796742e+00,1.152047367283534962e+00,1.788022600079647262e+01,1.783134870039698328e+01,0.000000000000000000e+00,0.000000000000000000e+00,-5.409340900827199412e-07
4.757929883138564946e+03,6.773992658668126499e-02,8.725548116034302637e-02,5.039968054739993022e+02,2.566804809727932235e-02,2.566804809727932235e-02,3.863535516764241262e-05,3.852992626595905143e-05,1.151934143531951005e+00,1.152011308813384538e+00,1.786453541246203969e+01,1.781578632397956241e+01,0.000000000000000000e+00,0.000000000000000000e+00,-5.418043074186053774e-07
4.766277128547579196e+03,6.773540868184352304e-02,8.723153608643208212e-02,5.040472306715057584e+02,2.566633617043621168e-02,2.566633617043621168e-02,3.860151151842344884e-05,3.849635868066668908e-05,1.151898153678238446e+00,1.151975251548437384e+00,1.784888650572012736e+01,1.780026506596176361e+01,0.000000000000000000e+00,0.000000000000000000e+00,-5.412449995615356980e-07
4.774624373956594354e+03,6.773088199851333424e-02,8.720708885218567130e-02,5.040977622809818399e+02,2.566462091724218755e-02,2.566462091724218755e-02,3.856775585405368200e-05,3.846287788403639240e-05,1.151862137894521076e+00,1.151939168528259172e+00,1.783327828214127564e+01,1.778478393800411794e+01,0.000000000000000000e+00,0.000000000000000000e+00,-5.422966629566090933e-07
4.782971619365609513e+03,6.772635594961905203e-02,8.718290715994406193e-02,5.041482952501408477e+02,2.566290590444895298e-02,2.566290590444895298e-02,3.853408905830055692e-05,3.842948475679651974e-05,1.151826098485286831e+00,1.151903062059101979e+00,1.781771115036919539e+01,1.776934334734509235e+01,0.000000000000000000e+00,0.000000000000000000e+00,-5.422206575349999277e-07
4.791318864774624672e+03,6.772183083459376585e-02,8.715888007557105743e-02,5.041988262334231763e+02,2.566119124551783856e-02,2.566119124551783856e-02,3.850051081152048357e-05,3.839617898605866370e-05,1.151790049244391545e+00,1.151866945934189035e+00,1.780218496260443573e+01,1.775394314930876050e+01,0.000000000000000000e+00,0.000000000000000000e+00,-5.421087800292763670e-07
4.799666110183639830e+03,6.771730338011885952e-02,8.713475280629522091e-02,5.042493917891808337e+02,2.565947570012126755e-02,2.565947570012126755e-02,3.846701951749849401e-05,3.836295899265897516e-05,1.151753988116587468e+00,1.151830818095097575e+00,1.778669898077590261e+01,1.773858261370826028e+01,0.000000000000000000e+00,0.000000000000000000e+00,-5.423890460937688322e-07
4.808013355592654989e+03,6.771277238134464083e-02,8.711050443597750936e-02,5.043000053924134818e+02,2.565775881171695680e-02,2.565775881171695680e-02,3.843361583678409099e-05,3.832982543586036124e-05,1.151717906958117821e+00,1.151794670399390430e+00,1.777125351031394729e+01,1.772326204537903749e+01,0.000000000000000000e+00,0.000000000000000000e+00,-5.428136531513912487e-07
4.816360601001669238e+03,6.770823958490528038e-02,8.708628220344521997e-02,5.043506475492659433e+02,2.565604124214044407e-02,2.565604124214044407e-02,3.840029925723650254e-05,3.829677781171443747e-05,1.151681805728578478e+00,1.151758502805647399e+00,1.775584831441067379e+01,1.770798121130126646e+01,0.000000000000000000e+00,0.000000000000000000e+00,-5.430290134354315065e-07
4.824707846410684397e+03,6.770370502022898807e-02,8.706208834725596979e-02,5.044013179429420575e+02,2.565432300254267065e-02,2.565432300254267065e-02,3.836706895166694734e-05,3.826381530371341310e-05,1.151645684452884622e+00,1.151722315337140090e+00,1.774048301058369148e+01,1.769273973393130817e+01,0.000000000000000000e+00,0.000000000000000000e+00,-5.432408482198110766e-07
4.833055091819699555e+03,6.769916696243608034e-02,8.703777904873515048e-02,5.044520358644488169e+02,2.565260343933133819e-02,2.565260343933133819e-02,3.833392446775815102e-05,3.823093746715517879e-05,1.151609542986869572e+00,1.151686107848804541e+00,1.772515738968678889e+01,1.767753740764412385e+01,0.000000000000000000e+00,0.000000000000000000e+00,-5.436593235903365603e-07
4.841402337228714714e+03,6.769462642510028216e-02,8.701336083194477489e-02,5.045027900047260800e+02,2.565088293657033849e-02,2.565088293657033849e-02,3.830086525994726469e-05,3.819814376479824572e-05,1.151573389278664150e+00,1.151649888287688883e+00,1.770987119945809951e+01,1.766237398402554604e+01,0.000000000000000000e+00,0.000000000000000000e+00,-5.439563728286130809e-07
4.849749582637729873e+03,6.769008678504091769e-02,8.698909335117011032e-02,5.045535426241208370e+02,2.564916277380577952e-02,2.564916277380577952e-02,3.826789130667659509e-05,3.816543417916410936e-05,1.151537225830418176e+00,1.151613659155904079e+00,1.769462442992960050e+01,1.764724945499371955e+01,0.000000000000000000e+00,0.000000000000000000e+00,-5.438488791118546706e-07
4.858096828046745031e+03,6.768554786605504581e-02,8.696509376344346842e-02,5.046042956900074046e+02,2.564744288427076371e-02,2.564744288427076371e-02,3.823500414251423523e-05,3.813281023643184161e-05,1.151501039336868315e+00,1.151577407151247234e+00,1.767941779066759267e+01,1.763216452623595742e+01,0.000000000000000000e+00,0.000000000000000000e+00,-5.437624945074433444e-07
4.866444073455760190e+03,6.768100021967519975e-02,8.694060754490903764e-02,5.046551548773337004e+02,2.564571968774710664e-02,2.564571968774710664e-02,3.820219996739315999e-05,3.810026817081073043e-05,1.151464825560226890e+00,1.151541128028365168e+00,1.766424952456561925e+01,1.761711745649477123e+01,0.000000000000000000e+00,0.000000000000000000e+00,-5.448080363055492310e-07
4.874791318864774439e+03,6.767645698275011334e-02,8.691645509323979446e-02,5.047059732826232334e+02,2.564399816205632440e-02,2.564399816205632440e-02,3.816948067760081773e-05,3.806780986723803012e-05,1.151428613470693918e+00,1.151504850761238874e+00,1.764912050844477065e+01,1.760210911734305483e+01,0.000000000000000000e+00,0.000000000000000000e+00,-5.442797836254016490e-07
4.883138564273789598e+03,6.767190677673724786e-02,8.689207500308071541e-02,5.047568781898580141e+02,2.564227399563519250e-02,2.564227399563519250e-02,3.813684489154084661e-05,3.803543395893814471e-05,1.151392362899065658e+00,1.151468535177916142e+00,1.763403010347108690e+01,1.758713887679979493e+01,0.000000000000000000e+00,0.000000000000000000e+00,-5.451146803412766403e-07
4.891485809682804756e+03,6.766736110654809899e-02,8.686805020528574894e-02,5.048077408980279301e+02,2.564055154793073651e-02,2.564055154793073651e-02,3.810429360391242914e-05,3.800314143646704588e-05,1.151356112949292854e+00,1.151432220384333238e+00,1.761897876958180476e+01,1.757220719288645938e+01,0.000000000000000000e+00,0.000000000000000000e+00,-5.445712886600253032e-07
4.899833055091819915e+03,6.766280672623005421e-02,8.684351730736498964e-02,5.048587096333981776e+02,2.563882579977971865e-02,2.563882579977971865e-02,3.807182453620143665e-05,3.797093004316407530e-05,1.151319837947859082e+00,1.151395880702438479e+00,1.760396545321870221e+01,1.755731302214961076e+01,0.000000000000000000e+00,0.000000000000000000e+00,-5.456147621017560690e-07
4.908180300500835074e+03,6.765825263668530376e-02,8.681923118548222351e-02,5.049096836913401489e+02,2.563710016180867010e-02,2.563710016180867010e-02,3.803943897896577353e-05,3.793880106304943218e-05,1.151283538392988026e+00,1.151359516633029934e+00,1.758899075112062604e+01,1.754245695830513796e+01,0.000000000000000000e+00,0.000000000000000000e+00,-5.455799274610952415e-07
4.916527545909850232e+03,6.765369910016684474e-02,8.679508614381661880e-02,5.049606601360850391e+02,2.563537473339063191e-02,2.563537473339063191e-02,3.800713568073632375e-05,3.790675325825659065e-05,1.151247227181327215e+00,1.151323141070266232e+00,1.757405408462292584e+01,1.752763842897807223e+01,0.000000000000000000e+00,0.000000000000000000e+00,-5.455136749113822047e-07
4.924874791318865391e+03,6.764914398461133183e-02,8.677090775342971574e-02,5.050116628408172801e+02,2.563364870664305503e-02,2.563364870664305503e-02,3.797491497069570488e-05,3.787478695902240583e-05,1.151210903741823000e+00,1.151286753443752531e+00,1.755915560593578206e+01,1.751285758686605831e+01,0.000000000000000000e+00,0.000000000000000000e+00,-5.457028435504380734e-07
4.933222036727879640e+03,6.764458559687697159e-02,8.674661848412275333e-02,5.050627107790429022e+02,2.563192143999976774e-02,2.563192143999976774e-02,3.794277562154980558e-05,3.784290095136924918e-05,1.151174561463778723e+00,1.151250347140351682e+00,1.754429474757278484e+01,1.749811387064007562e+01,0.000000000000000000e+00,0.000000000000000000e+00,-5.460948505764070911e-07
4.941569282136894799e+03,6.764002483173155167e-02,8.672231209948361164e-02,5.051137939485553261e+02,2.563019327250665516e-02,2.563019327250665516e-02,3.791071757328695819e-05,3.781109517934461785e-05,1.151138198516126865e+00,1.151213920328879370e+00,1.752947148178524372e+01,1.748340725442833588e+01,0.000000000000000000e+00,0.000000000000000000e+00,-5.463796644212977751e-07
4.949916527545909958e+03,6.763546136905837503e-02,8.669796002016803838e-02,5.051649159512488154e+02,2.562846408286493030e-02,2.562846408286493030e-02,3.787874108905874411e-05,3.777936990760669383e-05,1.151101815044694554e+00,1.151177473155691189e+00,1.751468593025136400e+01,1.746873786060568534e+01,0.000000000000000000e+00,0.000000000000000000e+00,-5.467028282465531658e-07
4.958263772954925116e+03,6.763089477845894704e-02,8.667348782554225306e-02,5.052160816271929207e+02,2.562673370798776093e-02,2.562673370798776093e-02,3.784684492344279866e-05,3.774772390406022719e-05,1.151065414860843017e+00,1.151141009429670348e+00,1.749993751710243828e+01,1.745410511946571930e+01,0.000000000000000000e+00,0.000000000000000000e+00,-5.470775538114642505e-07
4.966611018363940275e+03,6.762632772006203774e-02,8.664906191358806575e-02,5.052672611836145506e+02,2.562500315585252916e-02,2.562500315585252916e-02,3.781502875717420299e-05,3.771615685544975387e-05,1.151029003867047873e+00,1.151104535052660527e+00,1.748522609471411471e+01,1.743950888616278405e+01,0.000000000000000000e+00,0.000000000000000000e+00,-5.471335959497249132e-07
4.974958263772955434e+03,6.762176135500799767e-02,8.662481534291580076e-02,5.053184416098969223e+02,2.562327286643913821e-02,2.562327286643913821e-02,3.778329360781294897e-05,3.768466977486479528e-05,1.150992578582318515e+00,1.151068046545701273e+00,1.747055213359420378e+01,1.742494962913759693e+01,0.000000000000000000e+00,0.000000000000000000e+00,-5.470505334739912128e-07
4.983305509181970592e+03,6.761719229833731970e-02,8.660065116124879281e-02,5.053696608528323395e+02,2.562154155711697523e-02,2.562154155711697523e-02,3.775163815412243233e-05,3.765326135487971420e-05,1.150956119952099010e+00,1.151031524851608090e+00,1.745591502281838814e+01,1.741042674385187183e+01,0.000000000000000000e+00,0.000000000000000000e+00,-5.473729891472124208e-07
4.991652754590984841e+03,6.761261765676986057e-02,8.657605361778568376e-02,5.054209513717276536e+02,2.561980813156283093e-02,2.561980813156283093e-02,3.772006144831886368e-05,3.762193065853177044e-05,1.150919655135329123e+00,1.150994997127436026e+00,1.744131432414254945e+01,1.739593979706501514e+01,0.000000000000000000e+00,0.000000000000000000e+00,-5.480420597816541604e-07
5.000000000000000000e+03,6.760804744790091525e-02,8.655200261388866501e-02,5.054722008554225567e+02,2.561807638564910297e-02,2.561807638564910297e-02,3.768856529105534160e-05,3.759067947587333683e-05,1.150883171003801442e+00,1.150958450248568354e+00,1.742675087016757729e+01,1.738148961647626578e+01,0.000000000000000000e+00,0.000000000000000000e+00,-5.475110224996411365e-07
